-7.649796,200,10.360839
-5.308195,200,20.691697
-7.751313,200,31.044777
-8.82841,200,41.371586
-5.666165,200,51.697134
-6.640589,200,62.715305
-8.16857,200,7794.672188
-7.308613,200,7805.670335
-6.708286,200,7816.461818
-7.687529,200,7827.580371
-7.548199,200,7838.870754
-8.212071,200,7850.141201
-5.187653,200,7861.034882
-7.906322,200,7872.052069
-6.431952,200,7882.953224
-7.899132,200,7893.661595
-5.169093,200,7904.71139
-5.141913,200,7915.724398
-8.301384,200,7926.523744
-6.81338,200,7937.721945
-7.409291,200,7948.974909
-6.843956,200,7960.102182
-5.179659,200,7971.723382
-5.344477,200,7982.995813
-8.250338,200,7994.640997
-7.020387,200,8005.866668
-8.974526,200,8016.832891
-7.235917,200,8028.170316
-4.01194,200,8039.405997
-8.193788,200,8050.93211
-8.622502,200,8062.265887
-4.802589,200,8073.55824
-6.241444,200,8085.214119
-5.420761,200,8096.716921
-6.417356,200,8108.385797
-5.645278,200,8119.934175
-7.573114,200,8131.384799
-5.331234,200,8142.396621
-7.908841,200,8153.681966
-7.713524,200,8164.713234
-6.210145,200,8176.089742
-6.285802,200,8187.3747
-7.787253,200,8198.825072
-6.505686,200,8210.212307
-5.870092,200,8221.418794
-5.792086,200,8233.000649
-6.819119,200,8244.902052
-4.638697,200,8256.844071
-5.221841,200,8269.144419
-7.283242,200,8280.830763
-5.91275,200,8291.955913
-6.596223,200,8303.935312
-5.642859,200,8315.706909
-6.007675,200,8327.746216
-6.460167,200,8339.597083
-7.80595,200,8351.236796
-5.168328,200,8362.736074
-6.373223,200,8374.028721
-5.450114,200,8385.547317
-7.297219,200,8397.531682
-7.408813,200,8409.440709
-6.254337,200,8421.258932
-4.091745,200,8433.296998
-8.73215,200,8445.098269
-7.00303,200,8457.093161
-5.706361,200,8469.222845
-5.985782,200,8481.244776
-4.785573,200,8492.987401
-4.528129,200,8504.705915
-7.279829,200,8516.607102
-6.363354,200,8527.99511
-7.675637,200,8539.891176
-6.320082,200,8553.207068
-7.834513,200,8566.028714
-9.180624,200,8578.142405
-6.530978,200,8590.296455
-7.402152,200,8602.349259
-5.355122,200,8614.57178
-6.674764,200,8626.791782
-6.313483,200,8639.227669
-8.031539,200,8651.25944
-5.149407,200,8663.25357
-6.405094,200,8675.283798
-7.612498,200,8687.178593
-6.392535,200,8698.987839
-8.654815,200,8711.092046
-6.956911,200,8723.475812
-7.009947,200,8735.992067
-7.165058,200,8748.692422
-7.052195,200,8761.968396
-7.010353,200,8774.879156
-7.15121,200,8787.306729
-6.508387,200,8799.748742
-5.118244,200,8812.154159
-6.453025,200,8824.412366
-5.429824,200,8836.616291
-6.439631,200,8849.251335
-7.623583,200,8861.746455
-7.176493,200,8874.772333
-7.415158,200,8887.696654
-7.28737,200,8900.047765
-6.497897,200,8912.585309
-7.480455,200,8925.001062
-5.756826,200,8937.448483
-6.515031,200,8949.763237
-6.740786,200,8962.002756
-5.571213,200,8974.874125
-5.8448,200,8987.357809
-6.841137,200,8999.351909
-7.763417,200,9011.816399
-6.482027,200,9024.673574
-7.668335,200,9037.4963
-5.184336,200,9050.389519
-6.154491,200,9063.324451
-6.863988,200,9075.986974
-3.577169,200,9088.703045
-7.753414,200,9101.633244
-5.911814,200,9114.821822
-4.930091,200,9127.77275
-7.575585,200,9140.675224
-4.735421,200,9153.389306
-8.885655,200,9166.147078
-5.831745,200,9178.574991
-5.438709,200,9190.5633
-5.860666,200,9203.369038
-5.897963,200,9215.839622
-3.825631,200,9228.03201
-7.969208,200,9240.524619
-5.369773,200,9253.584833
-6.6412,200,9265.996442
-4.309326,200,9278.144449
-4.510358,200,9290.281957
-7.893604,200,9302.132838
-3.721969,200,9314.483814
-5.087539,200,9326.477369
-4.545134,200,9338.568281
-5.244415,200,9350.506836
-4.427595,200,9362.861887
-4.514083,200,9374.932817
-3.838311,200,9387.054609
-5.236989,200,9399.171515
-4.74644,200,9411.483632
-4.365063,200,9424.417726
-4.026906,200,9436.844529
-4.635916,200,9449.419585
-3.660169,200,9461.654566
-3.901633,200,9474.1849
-3.821715,200,9486.480633
-3.383336,200,9498.602565
-3.571561,200,9510.592119
-4.221074,200,9522.904816
-3.951556,200,9535.140981
-3.728405,200,9547.510599
-4.450815,200,9559.761685
-5.522301,200,9571.769993
-4.910688,200,9583.481961
-5.295425,200,9595.472046
-3.547074,200,9607.791613
-4.286877,200,9620.059887
-4.759834,200,9632.557432
-4.266319,200,9644.920247
-3.223244,200,9657.758109
-4.232901,200,9670.410222
-5.327995,200,9683.02824
-2.786772,200,9695.779389
-3.666913,200,9708.396234
-5.688573,200,9720.855508
-3.950822,200,9733.234984
-3.929618,200,9745.762864
-3.294181,200,9758.192314
-2.910381,200,9770.481754
-2.358946,200,9782.534781
-2.405995,200,9794.506672
-5.954635,200,9806.947189
-1.823116,200,9819.236042
-4.38544,200,9831.415641
-3.787121,200,9843.592441
-2.419505,200,9855.863131
-2.011955,200,9868.35919
-2.385452,200,9880.928167
-2.261195,200,9893.189863
-1.723481,200,9905.579049
-3.177399,200,9918.139333
-3.590465,200,9930.577717
-2.479475,200,9942.860285
-2.358173,200,9955.208969
-1.795118,200,9967.980666
-3.39389,200,9980.395728
-3.519965,200,9992.734538
-3.05143,200,10005.273484
-2.820576,200,10017.316532
-2.388917,200,10029.588899
-2.411244,200,10041.370053
-2.861436,200,10053.616066
-1.941101,200,10065.457686
-1.915682,200,10077.550097
-1.555698,200,10089.632517
-2.425619,200,10101.946449
-1.767118,200,10114.020046
-2.289223,200,10126.634158
-2.625582,200,10139.000329
-2.474306,200,10151.415262
-1.641396,200,10163.424109
-2.65166,200,10175.725729
-2.37234,200,10188.328632
-2.852762,200,10200.578257
-2.367508,200,10212.987922
-2.558246,200,10225.344884
-2.285332,200,10237.336361
-4.00915,200,10249.788043
-2.772332,200,10261.366
-2.006512,200,10273.267237
-2.055219,200,10286.006761
-2.615879,200,10298.286355
-1.617747,200,10311.691919
-1.656177,200,10324.032871
-3.75277,200,10337.85446
-1.924208,200,10350.673478
-3.058042,200,10363.393566
-3.872916,200,10375.977441
-2.666015,200,10388.297776
-2.717688,200,10400.560914
-3.126825,200,10413.004339
-1.849664,200,10425.837828
-2.26909,200,10438.170373
-1.71433,200,10450.381703
-3.421569,200,10462.934975
-1.938243,200,10475.79044
-2.064543,200,10488.236043
-1.973132,200,10500.494957
-3.455723,200,10512.798081
-3.59144,200,10525.554039
-1.547022,200,10538.16904
-2.947456,200,10550.724792
-1.844185,200,10563.265245
-2.564326,200,10575.543818
-1.85001,200,10588.125323
-1.430693,200,10600.811662
-2.159708,200,10612.694246
-1.898722,200,10625.139152
-1.970016,200,10637.546676
-2.590198,200,10650.24759
-2.455429,200,10662.772376
-2.487789,200,10675.249448
-1.415063,200,10687.431594
-2.965325,200,10699.311648
-2.749298,200,10711.43064
-2.744465,200,10723.536243
-3.47362,200,10736.13777
-3.001126,200,10748.327612
-1.907915,200,10760.617134
-1.822908,200,10773.720392
-2.482879,200,10786.113169
-2.918989,200,10798.63851
-2.198497,200,10811.346356
-2.429749,200,10823.75055
98.896048,80,10828.817177
-1.619599,200,10841.173477
-2.007334,200,10853.716726
-4.19616,200,10865.878084
-5.850038,200,10878.265399
-6.883839,200,10890.468288
-3.742347,200,10902.659922
-4.122555,200,10914.727193
-5.038813,200,10927.572847
-8.059195,200,10940.168346
-8.118362,200,10952.474758
-4.07849,200,10965.296301
-4.655003,200,10977.639194
-5.196522,200,10990.011091
-4.909586,200,11002.850677
-3.94346,200,11015.727491
-5.078779,200,11028.441836
-4.378877,200,11040.656747
-4.814597,200,11052.966845
-4.428644,200,11065.207434
-4.048248,200,11077.622349
-6.851341,200,11090.208478
-4.218487,200,11102.711341
-5.019459,200,11115.527328
-6.183949,200,11128.450277
-6.120406,200,11140.948138
-3.369038,200,11153.552661
-5.727083,200,11165.782758
-7.567046,200,11178.197434
-4.29852,200,11190.496769
-4.066024,200,11202.668862
-4.844094,200,11214.9939
-4.378141,200,11227.585155
-6.80236,200,11240.651306
-4.26988,200,11253.886106
-4.571036,200,11266.446879
-4.519252,200,11279.731177
-3.868187,200,11292.691293
-4.38677,200,11305.596741
-3.92841,200,11318.635908
-3.189199,200,11331.893182
-2.222534,200,11345.134825
-2.031806,200,11358.271022
-3.526892,200,11371.09672
-4.328942,200,11384.166143
-5.510288,200,11397.169849
-8.204938,200,11410.3172
-5.10749,200,11423.061051
-4.992897,200,11435.784848
-6.047533,200,11448.765214
-7.18675,200,11461.803075
-7.90232,200,11474.632897
-8.090004,200,11487.686144
-7.608947,200,11500.6085
-4.705228,200,11513.579136
-5.044852,200,11526.750806
-5.08073,200,11540.315801
-5.630497,200,11553.451808
-4.125402,200,11566.857641
-5.759425,200,11580.04135
-3.835469,200,11593.793786
-3.962375,200,11607.091074
-3.687783,200,11620.728109
-2.22064,200,11634.682679
-4.542215,200,11648.266789
-3.319489,200,11662.460845
-1.96063,200,11676.915627
-4.208472,200,11691.027966
-5.311304,200,11704.880484
-3.081818,200,11718.753873
-2.490409,200,11732.513927
-2.109243,200,11746.314758
-1.154353,200,11760.432811
-1.599934,200,11774.633855
-2.079818,200,11788.713572
-1.374118,200,11802.99046
98.520808,87,11809.282056
-5.186164,200,11822.941568
-1.40066,200,11836.497883
-2.575961,200,11850.1044
-1.790802,200,11863.581766
-2.120432,200,11877.044378
-2.693187,200,11891.096477
-6.322839,200,11905.205158
-2.431229,200,11919.085563
-2.082577,200,11932.536997
-2.634546,200,11946.313979
-3.107012,200,11959.487155
-2.698091,200,11973.23274
-2.263006,200,11987.487597
-1.906514,200,12001.524837
-2.218802,200,12015.249279
-2.982786,200,12028.726916
-2.576191,200,12042.115506
-2.446287,200,12055.838017
98.321357,184,12068.665468
-2.073318,200,12082.458476
-3.052439,200,12096.448685
98.512252,134,12105.77175
98.135929,122,12114.696975
98.872809,157,12125.471052
-3.715943,200,12139.082215
-2.844625,200,12152.664967
-8.77597,200,12167.479142
-2.697015,200,12180.914097
-1.96348,200,12194.316741
-2.469061,200,12207.439411
-3.305481,200,12220.940434
-4.949609,200,12234.350565
-3.365148,200,12247.686416
-2.528178,200,12260.93275
-3.061154,200,12274.577962
-2.538409,200,12288.362509
-2.787927,200,12302.177238
-2.251834,200,12315.763148
-2.815384,200,12329.556541
98.248811,100,12336.575584
-2.480616,200,12350.067661
-2.034164,200,12363.742894
-1.354931,200,12377.419983
97.472354,157,12388.255134
-1.673919,200,12402.660882
98.304577,78,12408.096397
99.341281,51,12411.959777
98.022931,110,12419.55623
-2.201766,200,12433.466047
-3.771455,200,12447.227691
-3.29603,200,12461.020037
-4.954024,200,12474.919782
98.279986,78,12480.374889
98.450739,138,12489.927941
-2.436939,200,12503.538809
-2.344457,200,12517.186784
-2.893345,200,12530.846483
98.22251,119,12539.329237
99.060472,58,12543.710408
-2.698992,200,12557.289294
-1.750309,200,12571.078183
98.6391,125,12579.889384
98.494367,82,12585.891205
99.171277,68,12590.770974
99.004894,68,12595.717922
-2.518378,200,12609.326405
98.35509,89,12615.594767
98.178368,103,12622.895556
98.291951,98,12629.805632
98.276081,85,12635.936353
-2.021433,200,12649.519043
-2.079108,200,12662.961285
98.228756,82,12668.754877
98.657309,71,12673.985192
98.71792,93,12680.635823
98.807882,88,12686.838107
98.731125,96,12694.455212
97.41577,168,12707.989332
98.099378,172,12720.006996
98.543062,72,12725.288365
98.140323,78,12730.915277
97.881642,134,12740.130441
98.115719,84,12746.151946
98.94556,62,12750.676097
98.190343,79,12756.311641
98.859941,78,12761.6949
99.309869,60,12765.986573
98.191525,83,12771.754606
98.85814,65,12776.500024
99.085335,72,12781.582705
98.203862,87,12787.645507
97.328104,129,12799.203767
98.644565,78,12804.959086
98.065753,84,12811.34815
98.364375,72,12816.620272
98.145166,95,12823.345366
97.887439,100,12830.280915
98.520474,77,12835.694687
97.414735,103,12842.904219
97.467423,125,12851.460031
98.837447,83,12857.172406
98.179635,84,12863.09382
98.180242,122,12871.470446
98.874261,70,12876.424751
97.641858,100,12883.36209
98.691361,75,12888.632157
97.882645,90,12894.820553
98.514197,80,12900.399699
98.104135,83,12906.306727
98.978951,60,12910.678394
-6.400722,200,12924.104478
98.25734,75,12929.375625
-6.917491,200,12942.801454
98.781976,68,12947.556975
98.244535,77,12952.937232
99.430672,47,12956.367567
97.870541,104,12963.495341
98.269797,78,12968.972593
-6.844098,200,12982.387669
98.080191,83,12988.184676
98.576088,74,12993.389508
98.77353,83,12999.243959
-8.331095,200,13012.776387
99.150668,70,13017.659526
98.501005,124,13026.239938
98.633397,72,13032.119032
97.190171,145,13046.656128
98.92238,59,13051.004552
97.703863,112,13058.954324
-8.388332,200,13072.891775
-5.371676,200,13088.569407
99.086156,50,13093.962081
98.712738,66,13099.909113
98.386236,73,13106.10537
-8.130245,200,13120.321045
-4.77818,200,13134.173291
98.188805,84,13140.039857
98.58842,72,13145.166744
99.158276,52,13149.054837
99.239805,60,13153.373146
-5.162973,200,13166.939702
98.049362,82,13172.558062
98.288353,82,13178.238873
98.729607,72,13183.211632
-5.627012,200,13196.886338
98.137432,83,13202.875952
98.556287,73,13207.995599
98.866672,64,13212.794758
-5.491642,200,13226.228947
97.086571,109,13233.922325
98.482259,76,13239.381243
98.301349,95,13245.893456
99.484399,45,13249.260255
98.986118,71,13254.338353
98.432579,98,13261.141636
98.245464,79,13266.628768
99.230571,52,13270.39317
-8.347423,200,13283.823596
98.305025,85,13289.735976
-8.0056,200,13303.172332
98.072195,91,13309.297075
99.34258,50,13312.913761
97.781047,99,13319.696589
98.188465,99,13326.518301
98.23232,103,13333.533576
97.885249,127,13342.092962
98.250589,81,13347.733913
97.85683,109,13355.471287
98.639526,74,13360.605956
97.395092,104,13367.56035
-7.863934,200,13381.172995
96.642666,127,13389.852484
98.953113,78,13395.450764
98.560375,76,13400.921159
98.469504,79,13406.307903
98.341031,76,13411.670256
99.404585,47,13415.03216
98.180663,85,13420.809318
99.409862,47,13424.169841
98.389732,83,13429.826429
97.801905,105,13436.990462
97.384039,134,13445.994342
97.970709,116,13453.843793
98.001813,139,13463.211794
98.507125,79,13468.767881
98.281061,78,13474.253651
98.661656,107,13481.471825
98.925922,68,13486.090606
98.720557,79,13491.790641
98.870222,81,13497.403982
98.652668,73,13502.460353
-5.583963,200,13515.709342
98.971601,72,13520.550961
98.422071,78,13526.008907
98.04532,82,13531.630517
98.918899,99,13538.412942
98.78942,72,13543.281826
98.088519,89,13549.293696
98.050587,114,13557.018623
99.378932,54,13560.870162
98.161388,95,13567.373347
98.264918,87,13573.160498
97.811565,110,13580.558025
97.33401,110,13588.089926
98.335321,83,13593.831136
98.491933,95,13600.353798
98.912731,68,13605.114559
98.698899,72,13610.261593
96.707542,153,13620.691202
98.863818,75,13625.78477
98.173641,91,13631.871865
98.256739,79,13637.279125
96.792184,157,13647.851583
97.950093,114,13655.587656
98.6484,71,13660.480639
99.290191,60,13664.643566
98.991893,69,13669.600833
98.637637,76,13674.99584
98.432845,91,13681.244003
-6.238508,200,13694.747811
98.513444,95,13701.286473
98.515054,81,13706.906034
98.491357,78,13712.158533
98.920092,77,13717.410856
98.571542,75,13722.517997
98.536235,87,13728.339867
98.832277,76,13733.475897
98.352,90,13739.452388
98.981611,78,13744.756377
98.545553,94,13751.099601
98.76256,73,13756.051721
99.106218,59,13760.262288
98.935136,70,13765.187941
98.150238,113,13772.75385
-4.985709,200,13786.005809
98.791798,78,13791.337032
98.016486,105,13798.364903
98.29851,85,13804.17826
98.89436,68,13809.034457
98.828458,72,13813.987863
98.983232,65,13818.52111
98.181703,85,13824.352906
99.055658,66,13828.886006
98.517111,88,13834.860721
98.552525,103,13841.739302
98.344224,84,13847.43797
98.628959,73,13852.403098
98.603887,81,13857.829092
98.621682,74,13862.864855
98.705451,76,13867.924169
98.218567,90,13873.999011
98.570768,88,13879.804448
98.503104,77,13885.111139
98.377382,93,13891.35132
98.131705,87,13897.372149
99.164484,63,13901.714522
99.136805,63,13906.08918
99.093752,60,13910.373162
97.978946,90,13916.397078
99.076424,64,13920.788911
98.012599,90,13926.81788
98.470428,79,13932.268593
98.102045,95,13938.550067
98.423998,80,13944.0487
98.466027,79,13949.482903
98.239398,84,13955.216902
98.223438,86,13961.217018
99.316715,53,13964.938826
98.047628,93,13971.205119
98.613418,87,13977.148134
98.461438,85,13983.208203
99.104149,60,13987.36038
98.278023,81,13992.931946
99.051338,67,13997.502161
98.191311,99,14004.383048
98.351283,82,14010.143601
99.060166,67,14014.743093
98.393312,78,14020.149924
98.549129,76,14025.447288
97.957083,92,14031.653342
98.522916,74,14036.928903
98.474838,81,14042.516049
97.714434,97,14049.124712
97.948479,89,14055.242497
99.443682,49,14058.765087
98.674455,74,14063.851595
98.219531,92,14069.979669
99.344128,54,14073.686907
98.60174,77,14079.078146
99.0444,65,14083.485155
98.977897,69,14088.221225
98.214606,84,14093.916717
95.752586,188,14106.448377
98.91177,67,14111.119656
98.146898,89,14117.09729
99.387273,51,14120.698367
98.898155,68,14125.413381
98.40654,87,14131.17267
98.726118,70,14136.065828
97.93537,90,14142.161465
98.984101,70,14146.943755
97.901383,95,14153.483698
98.105755,99,14160.159325
98.572813,81,14165.804444
97.861045,90,14171.979005
98.417871,79,14177.450312
98.278573,86,14183.176931
98.486389,79,14188.689198
98.080261,90,14194.713173
98.542194,83,14200.432664
98.931934,71,14205.2321
98.709142,75,14210.32782
98.79217,79,14215.625113
98.252867,85,14221.49525
98.988569,68,14226.364568
97.652308,108,14233.791707
98.107549,83,14239.516376
98.085918,82,14245.272146
97.913367,105,14252.281634
98.583064,80,14257.7842
98.934467,64,14262.310723
98.484209,76,14267.502762
98.392573,85,14273.285963
98.494359,80,14278.810003
-6.112455,200,14292.275598
98.332159,94,14298.772141
98.313218,88,14304.703611
98.466567,92,14310.89064
98.880769,68,14315.556705
98.307644,82,14321.050692
98.493243,85,14326.846753
98.18675,83,14332.419168
98.95216,69,14337.281962
98.530981,96,14347.082562
98.772566,72,14352.862014
98.567428,86,14358.940325
97.888821,94,14365.362552
98.017785,90,14371.581992
98.05627,90,14377.672757
98.973735,76,14382.947129
99.146002,64,14387.345832
98.881531,69,14392.127803
98.615898,77,14397.582259
98.620199,68,14402.553219
98.425055,87,14408.461951
98.458566,75,14413.808096
98.584179,75,14418.936619
98.40584,84,14424.694618
99.036907,66,14429.214728
98.354849,78,14434.540805
98.745733,65,14439.219262
98.36765,87,14445.04937
99.373288,52,14448.742073
98.519555,88,14454.750197
98.875395,81,14460.240276
98.794472,79,14465.662395
98.476971,80,14471.022607
98.341327,87,14476.944085
98.937278,71,14481.817178
98.169935,87,14487.866314
99.043898,71,14492.740406
97.735936,98,14499.432534
98.132725,98,14505.959157
98.268328,82,14511.575916
99.02417,70,14516.48994
98.539975,88,14522.498074
98.492505,81,14528.109768
97.777008,102,14534.982925
98.400873,85,14540.732547
98.663954,77,14545.978025
98.977974,73,14551.113008
98.843977,72,14556.111052
99.22615,61,14560.397058
98.607534,78,14565.894723
97.996607,92,14572.16416
98.345328,86,14578.054433
98.03108,88,14584.053616
98.820667,78,14589.319927
98.816101,69,14594.128719
98.108438,84,14599.82433
98.983083,67,14604.513275
98.724278,78,14609.912335
97.995955,92,14616.305845
98.097461,91,14622.267049
98.233956,94,14628.731508
98.036775,95,14635.145109
97.711825,102,14642.070502
98.674638,76,14647.331955
98.300173,88,14653.250282
98.150419,89,14659.267178
98.406029,96,14665.734201
98.516399,81,14671.231957
99.278273,61,14675.516175
99.273686,59,14679.448981
98.468604,100,14686.072165
98.448676,78,14691.216364
98.402053,86,14697.096738
97.761501,101,14703.771587
98.001271,91,14709.835083
97.826817,97,14716.452396
98.384294,92,14722.764966
98.725505,83,14728.495096
97.98714,94,14734.777739
98.224217,92,14741.06874
98.627512,80,14746.367238
98.419153,89,14752.378669
98.5682,79,14757.706476
98.064027,89,14763.832489
98.25181,90,14769.834733
98.414681,93,14775.979027
98.472207,86,14781.977775
98.918851,67,14786.620802
98.35354,90,14792.694878
98.01778,90,14798.811678
97.969044,92,14804.970221
97.625425,98,14811.460239
98.220237,87,14817.397771
98.453774,94,14823.740605
98.892765,70,14828.526695
99.115221,63,14833.141334
98.935129,68,14837.908419
98.857696,76,14843.300359
98.651431,86,14849.209325
-6.063636,200,14862.46707
98.410562,89,14868.612355
98.190134,89,14874.764758
99.283626,58,14878.791874
98.432366,83,14884.51406
98.234535,88,14890.474731
98.669954,74,14895.641767
99.000521,72,14900.747035
98.210999,91,14907.197605
99.047777,65,14911.75791
99.138479,66,14916.2821
97.770457,109,14923.641732
98.130143,92,14929.97146
98.517285,82,14935.741028
98.457747,85,14941.534717
98.991578,73,14946.511734
98.779547,76,14951.775546
98.077319,136,14960.861837
98.190725,92,14967.242712
98.05317,91,14973.372882
98.146734,94,14979.686871
98.282688,87,14985.608263
98.567535,82,14991.176241
98.198069,86,14997.082822
98.607042,74,15002.180991
98.21552,90,15008.323116
98.323851,92,15014.450829
97.899056,94,15020.830094
99.100949,64,15025.373737
98.417381,91,15031.695284
98.198268,106,15038.917615
97.806316,104,15046.014417
97.698076,102,15052.952555
98.552734,80,15058.410475
98.741116,73,15063.439092
98.965364,69,15068.224656
99.003768,64,15072.779535
98.993877,70,15077.646449
99.412575,54,15081.441565
97.994182,93,15087.877316
97.6529,94,15094.205252
97.836573,92,15100.529062
98.641439,111,15108.12753
98.769652,81,15113.709355
98.637227,78,15119.130845
98.401025,94,15125.492178
97.788467,98,15132.265937
98.24211,87,15138.239573
98.646064,75,15143.366198
99.115268,69,15148.299502
98.501059,81,15153.95754
98.552478,85,15159.772302
98.46604,93,15166.260687
98.457591,80,15171.852926
98.648053,78,15177.168957
99.055214,61,15181.626125
98.372633,87,15187.566534
99.115118,70,15192.402249
98.220284,91,15198.642092
99.3204,58,15202.693189
98.859965,83,15208.260682
98.589807,79,15213.618223
97.5007,105,15220.81379
98.688694,88,15226.786083
98.681055,77,15232.048513
98.300699,88,15238.014344
98.451237,84,15243.821377
98.839793,72,15248.765483
99.066515,62,15253.021222
98.802449,91,15259.241721
99.049568,69,15263.885993
98.810432,78,15269.142481
98.62596,75,15274.495612
98.401519,89,15280.462725
98.489832,78,15285.797997
98.289003,90,15291.915499
98.299367,98,15298.676821
99.305206,55,15302.434959
99.162539,67,15307.056777
98.685491,82,15312.675933
98.225502,105,15319.799715
98.394008,87,15325.695682
96.883002,129,15334.406332
98.540864,80,15339.836503
97.160777,125,15348.417553
99.119825,64,15352.96495
98.647447,86,15358.926609
97.181869,117,15366.885255
98.595585,76,15372.37552
97.397213,110,15380.100245
98.7654,97,15386.926886
98.694059,86,15392.80505
97.994009,103,15399.900904
98.65441,76,15405.157744
98.200744,87,15411.104737
98.050537,107,15418.373469
99.352654,58,15422.502493
98.063033,91,15428.811167
98.322543,88,15434.829741
98.411348,85,15440.651723
98.445291,92,15447.06481
99.449116,47,15450.505729
98.808263,77,15455.867018
98.603617,87,15461.776746
98.065016,93,15468.227259
99.096536,67,15472.974983
98.653105,88,15479.059326
98.09565,93,15485.416372
98.918352,72,15490.363053
98.750494,73,15495.510023
98.359763,88,15501.591911
97.732219,98,15508.377856
98.008241,90,15514.647652
98.731073,74,15519.870345
98.416734,88,15525.898906
98.902097,75,15530.955411
97.845187,96,15537.46053
98.407739,85,15543.238949
98.447819,80,15548.724761
98.931958,70,15553.610175
98.146589,97,15560.381983
98.434291,94,15566.721706
98.64818,79,15572.098919
98.702603,80,15577.621317
98.662601,85,15583.361053
97.647993,108,15590.616397
98.208628,87,15596.614866
97.958415,102,15603.355107
97.919384,116,15611.209132
98.714111,76,15616.409232
98.436842,78,15621.797027
97.70638,106,15628.861311
97.860477,93,15635.310325
98.08535,92,15641.567739
98.48097,87,15647.503839
98.362572,79,15652.894933
97.3732,107,15660.267107
98.081429,95,15666.797806
98.857273,71,15671.808828
98.550486,120,15679.956623
99.306646,55,15683.894006
98.696984,75,15689.244305
98.532786,85,15695.12633
98.973749,66,15699.80118
98.863823,75,15705.041254
98.024892,102,15712.008631
98.421133,98,15718.703969
96.901114,184,15731.210183
98.348634,82,15736.921557
98.039058,91,15743.201427
98.634977,74,15748.288715
98.537466,80,15753.935854
98.62921,82,15759.504499
98.890119,77,15764.926627
98.511231,78,15770.276021
98.524334,87,15776.419186
97.999865,89,15782.524692
97.812326,91,15788.699415
98.718093,81,15794.33471
98.639519,104,15801.412452
98.286817,85,15807.287809
97.473954,129,15815.951237
98.788567,72,15821.074735
97.788582,105,15828.132035
98.674469,75,15833.199596
98.208189,89,15839.271505
98.894915,74,15844.484346
98.776089,86,15850.416221
99.041911,63,15855.036401
97.617842,111,15862.652815
98.616232,72,15867.663568
98.282832,81,15873.433002
98.603398,87,15879.460423
99.096175,60,15883.78894
98.273636,86,15889.700503
98.901529,74,15894.944051
98.63929,82,15900.545911
97.94222,102,15907.607845
98.198117,88,15913.770873
98.371738,92,15920.116849
98.011488,103,15927.206095
98.916491,68,15932.083609
98.472535,78,15937.639573
99.121193,62,15941.945369
98.291108,84,15948.050109
98.891308,69,15952.798008
98.935367,72,15957.816977
98.542521,77,15963.253366
98.241772,99,15970.031204
98.050218,91,15976.210153
98.089442,104,15983.42584
98.833966,74,15988.631521
98.820909,68,15993.460081
98.746602,88,15999.582209
98.635181,72,16004.553895
98.432477,100,16011.442482
98.673736,74,16016.742837
98.039028,172,16028.138966
99.020984,75,16033.387796
98.539558,83,16039.250021
98.329459,87,16045.513088
98.969702,75,16050.698026
98.709923,77,16056.113033
98.565718,77,16061.56132
98.830493,70,16066.509211
98.893813,73,16071.492945
97.625491,110,16078.966042
98.492705,80,16084.494678
98.084531,92,16091.044272
98.817516,69,16096.015997
99.239548,54,16100.046553
98.0203,93,16106.451876
98.542116,80,16112.059108
98.916671,65,16116.546598
98.287464,81,16122.171574
97.498791,111,16129.823933
99.300209,53,16133.736189
98.544275,81,16139.399593
98.352188,82,16145.214629
99.085332,63,16149.704174
98.424037,89,16155.878535
98.331704,79,16161.558629
98.234114,85,16167.490034
98.54078,75,16172.779628
98.704247,95,16179.279142
98.680198,76,16184.607565
98.834506,73,16189.752584
98.631502,73,16194.922917
98.891579,86,16201.16183
98.591027,76,16206.474427
99.171218,60,16210.858467
98.975923,65,16215.437453
97.705493,100,16222.389002
99.139991,62,16226.723506
98.445243,86,16232.658544
98.563119,76,16238.200556
99.473767,49,16241.789637
98.780141,73,16246.880485
99.140762,59,16251.169463
98.210433,88,16257.434471
98.65815,76,16262.883076
98.114608,89,16269.091952
98.37079,78,16274.647611
98.188757,91,16281.232904
99.087964,64,16285.693002
99.293652,54,16289.817139
98.401767,95,16296.553497
98.701308,83,16302.580222
98.384072,84,16308.592481
98.154331,81,16314.549425
98.556448,80,16320.232557
98.477704,82,16326.224957
98.806403,74,16331.633469
98.318713,78,16337.20882
98.395029,79,16342.930223
98.44106,76,16348.425057
98.525192,80,16354.080387
98.83054,75,16359.57227
97.813536,94,16366.284393
98.512944,76,16371.803989
98.220363,90,16378.191511
98.441383,80,16384.165992
98.637849,81,16390.243249
98.520919,76,16396.248048
97.786294,92,16403.049857
98.413611,75,16408.795862
98.859317,65,16413.627337
96.395438,159,16425.191448
98.437422,84,16431.290803
98.556089,72,16436.77234
98.443712,75,16442.482861
98.901428,70,16447.763596
99.013543,66,16452.726094
98.88679,70,16457.957968
98.966253,72,16463.314636
98.060195,82,16469.410428
98.483111,73,16474.831926
98.57382,87,16481.109932
98.969414,66,16486.04292
99.093202,62,16490.791855
99.039557,61,16495.383279
99.444329,49,16499.126335
98.45676,80,16504.888532
98.993355,65,16509.761583
98.669104,83,16515.866204
98.554913,71,16521.366696
98.317979,82,16527.58041
99.239743,53,16531.539551
98.319596,78,16537.403253
98.502346,72,16542.748843
98.325595,78,16548.571455
98.608615,76,16554.438219
98.752244,70,16559.80126
99.08789,56,16564.431143
99.116511,60,16568.903839
98.280851,75,16574.727586
98.830515,74,16580.712878
98.600759,85,16587.077586
97.474258,99,16594.731061
99.147411,57,16599.229906
98.817234,67,16604.360892
99.158778,56,16608.762154
99.280631,58,16613.364124
98.53362,70,16618.737918
99.171182,57,16623.089031
98.774898,66,16628.298272
98.5042,83,16634.708767
98.189051,81,16640.730527
98.026647,86,16647.357867
99.201511,52,16651.551536
98.820436,74,16657.232491
99.091769,55,16661.609375
99.186084,64,16666.378896
99.176827,54,16670.55977
98.641042,76,16676.493886
98.191324,79,16682.697657
99.165231,61,16687.361359
98.623786,78,16693.25699
98.838885,89,16699.964802
98.935594,67,16705.011645
98.768481,78,16710.963782
98.565826,75,16716.786289
99.220873,53,16721.163699
98.274583,76,16727.123901
98.790014,65,16732.239431
98.628104,71,16737.761917
98.738008,68,16743.127472
99.477982,45,16746.757333
98.156665,78,16753.025685
98.710167,70,16758.810724
99.038299,57,16763.338723
99.43017,45,16767.178728
98.872677,60,16771.984304
99.316628,50,16776.016649
98.947716,67,16781.141855
99.055502,63,16786.181839
98.079148,93,16793.411904
98.810496,69,16798.964974
98.353994,90,16805.880148
98.736194,73,16811.696734
98.635,72,16817.45343
98.368879,71,16822.950682
98.368295,76,16828.890682
99.37534,49,16832.957568
98.13827,86,16839.627949
99.181076,56,16844.112705
98.737958,65,16849.397557
98.875784,82,16855.92445
98.442253,75,16862.046556
98.065421,86,16868.770638
98.302669,86,16875.719165
99.331317,44,16879.385252
98.873829,60,16884.487737
98.309038,83,16891.239738
98.375835,73,16897.030051
98.709827,75,16903.167793
98.278081,82,16909.688423
98.639908,66,16915.01216
99.442347,42,16918.524824
97.988277,90,16925.811191
98.929814,65,16931.125094
99.014264,53,16935.573853
99.506076,41,16938.951612
98.582758,84,16945.553128
99.18916,61,16950.384702
99.150385,55,16954.839585
98.306127,74,16960.881409
99.010295,62,16965.874619
98.626275,65,16971.052912
99.480804,47,16974.927527
99.189882,63,16980.018411
98.371858,85,16986.786902
99.330117,54,16991.045883
98.866388,64,16996.395579
98.406482,78,17002.639192
99.225444,52,17007.006247
98.807747,61,17012.043957
98.97958,58,17016.934895
99.279491,50,17021.233349
99.259158,52,17025.805587
98.792653,71,17031.434329
99.095176,58,17036.367761
98.993672,59,17041.380578
98.846296,62,17046.305137
98.930845,61,17051.622636
99.000976,67,17057.218429
98.537106,69,17062.945709
98.566008,73,17068.884288
99.09866,58,17073.80503
98.88666,61,17078.875601
98.874168,60,17083.74822
98.887321,58,17088.630891
98.476753,74,17094.513323
98.945567,59,17099.336717
98.555103,71,17105.069757
98.363114,77,17111.190745
98.455149,72,17116.991775
99.03769,61,17121.903686
98.3149,80,17128.456034
98.278597,79,17134.81005
98.708333,79,17141.135902
98.597408,73,17147.212052
98.499171,71,17152.911705
98.332928,73,17158.854252
99.121404,60,17163.638024
98.762326,64,17168.841058
98.923185,70,17174.312659
98.982658,62,17179.341089
97.974958,89,17186.387209
98.574672,68,17191.788492
98.332951,76,17197.887966
98.521486,83,17204.324157
99.455383,43,17207.988364
99.195468,51,17212.129944
98.826576,67,17217.598101
98.546031,73,17223.328246
99.430934,45,17227.080767
98.281958,74,17232.947454
98.694483,70,17238.835524
98.676247,70,17244.588554
98.583474,101,17252.689414
98.869143,67,17258.163524
99.423828,46,17261.874787
98.763732,66,17267.157572
98.29404,83,17273.792965
98.851161,65,17279.06263
98.157454,88,17286.272695
98.35748,81,17293.15857
98.616424,71,17299.185973
98.162671,83,17306.082224
99.092438,57,17310.828788
98.838066,66,17316.190395
99.083282,57,17321.111724
98.834136,58,17326.26887
98.682053,65,17331.613711
98.257186,84,17338.380301
98.319033,71,17344.435297
99.244892,66,17349.780796
99.256666,48,17354.128432
97.559295,93,17361.717872
98.746359,75,17367.76827
98.964991,60,17372.617788
98.803,67,17378.099632
99.44986,44,17381.753435
99.475288,42,17385.243185
98.816378,75,17391.428631
98.618358,65,17396.845261
99.1083,57,17401.591238
99.166997,57,17406.353079
99.262121,54,17410.737395
98.629164,66,17416.155616
98.775257,62,17421.43982
99.112775,64,17426.651573
98.85196,58,17431.61037
98.970819,63,17436.941769
98.385834,73,17442.899139
98.633136,89,17450.129071
98.777566,65,17455.603586
99.061935,83,17462.568996
98.547888,69,17468.465549
99.15386,49,17472.893868
99.007799,58,17477.582058
98.649122,73,17483.589441
98.932104,55,17488.303107
98.84105,65,17493.638042
99.57002,39,17496.999089
99.257442,53,17501.553158
99.262048,60,17506.502746
99.257214,51,17510.890365
98.575575,78,17517.383925
98.405014,83,17524.279046
98.950437,59,17529.196965
98.811746,63,17534.435858
99.420854,41,17538.172567
98.647543,105,17546.979563
99.335584,50,17551.227582
98.86786,59,17556.198154
98.794345,65,17561.645517
98.766636,64,17566.942231
99.044477,56,17571.630487
98.854545,66,17577.140546
99.278144,50,17581.395728
98.856708,62,17586.583495
98.445152,77,17592.731444
98.483723,79,17599.11152
99.111955,58,17604.138035
98.932272,59,17609.171576
99.011378,58,17614.180538
98.865571,60,17619.16955
99.002361,62,17624.354493
98.354177,103,17632.805714
98.997977,56,17637.806667
99.07291,54,17642.366457
98.913962,73,17648.653858
98.859313,61,17653.909667
98.833979,59,17658.90475
98.440982,67,17664.636523
99.336041,50,17668.808515
98.934179,57,17673.629954
98.976135,58,17678.66312
99.199745,55,17683.219271
98.908207,63,17688.526732
98.858532,66,17694.05008
98.851244,64,17699.400016
99.092082,60,17704.395124
98.811791,67,17709.982052
98.897809,63,17715.241438
98.875798,67,17720.900855
98.922949,65,17726.39899
98.811477,60,17731.587146
98.614241,65,17736.975038
98.424684,83,17743.706999
99.249077,53,17748.080719
98.510554,70,17753.78319
98.350838,91,17761.010647
98.861756,59,17765.99005
98.702773,64,17771.120166
99.282552,58,17775.968902
99.247205,51,17780.269665
98.583527,76,17786.474751
99.02307,67,17792.25737
99.267668,48,17796.303109
98.706115,67,17801.96055
98.819615,59,17807.056324
98.463386,78,17813.471258
98.447638,68,17819.154072
98.478729,85,17826.099176
98.908931,65,17831.642921
99.335878,45,17835.391567
98.989766,59,17840.370402
98.909061,61,17845.551157
98.888594,62,17850.638216
98.459847,66,17856.082165
99.193116,52,17860.412495
98.971965,62,17865.412145
99.478657,49,17869.51808
99.037429,60,17874.495699
99.388532,45,17878.187452
99.415545,42,17881.845611
98.497268,74,17887.829195
98.934306,59,17892.681973
98.68581,66,17898.146571
98.668056,68,17903.889918
98.236314,74,17909.791842
99.327238,47,17913.881948
98.978691,59,17918.780037
98.707817,66,17924.237974
98.930426,63,17929.723319
98.501814,70,17935.600216
98.935148,64,17941.131271
98.416809,80,17947.658057
99.172124,53,17952.149563
98.901719,60,17957.412675
98.957489,58,17962.354696
98.348478,89,17969.842666
98.641554,67,17975.256727
98.51248,66,17980.581782
98.994654,57,17985.425514
98.646768,65,17991.01562
99.121665,55,17995.456361
98.481527,70,18001.168363
99.084279,62,18006.289147
99.042294,60,18011.213393
98.271216,82,18017.986257
98.995149,60,18022.930863
98.59826,76,18029.197604
98.600896,70,18035.144528
98.664134,70,18040.950686
99.115394,56,18045.619489
98.909462,69,18051.280481
98.366538,69,18056.932159
98.670312,63,18062.16788
98.720875,68,18067.757194
99.502111,43,18071.470083
98.812038,58,18076.431737
98.863813,63,18081.584321
98.643337,64,18086.994638
98.634941,63,18092.407331
98.322669,70,18098.265253
98.940618,62,18103.42614
98.936818,61,18108.481809
99.098126,63,18113.977999
99.373526,46,18117.871315
99.09658,66,18123.393171
98.744927,64,18128.823685
-100.593391,15,18134.905777
-101.109681,37,18142.421255
99.135,59,18149.280627
99.520278,40,18153.190156
98.583391,71,18160.042962
98.953494,66,18165.560827
99.331011,49,18169.931003
98.573576,113,18179.233083
99.355539,48,18183.428347
99.357009,51,18187.68775
99.617194,48,18191.845816
99.03579,54,18196.688407
99.075602,64,18202.066634
98.916784,55,18206.826544
99.236043,54,18211.341187
98.983026,55,18215.890737
99.194903,57,18220.844131
98.440973,73,18226.911141
98.905386,64,18232.156296
99.210035,53,18236.68216
98.556266,68,18242.360615
99.210473,64,18247.751759
99.251096,47,18251.721834
98.862861,65,18256.9377
99.418018,51,18261.25051
98.664132,73,18267.237584
98.482349,79,18273.874996
98.641639,65,18279.357561
99.257174,46,18283.248368
98.958509,56,18288.044229
98.607542,74,18294.15601
99.450723,41,18297.702911
98.661465,65,18303.256315
98.639332,67,18308.783683
98.704975,67,18314.132315
98.469811,73,18320.036585
98.999285,69,18325.584167
99.049826,61,18330.488676
98.905355,67,18335.781605
98.986567,66,18341.059903
98.993622,64,18346.35491
98.833378,63,18351.360768
98.829029,61,18356.344199
98.190838,80,18362.593973
98.857826,62,18367.425201
98.713172,70,18373.069531
98.492437,69,18378.666475
98.780085,64,18384.14534
98.627321,68,18389.948581
98.88641,79,18396.412861
99.472419,44,18400.121081
98.643555,66,18405.604605
98.347353,72,18411.5075
98.852468,66,18416.909962
98.807813,65,18422.191121
98.370708,75,18428.268928
99.221999,66,18433.642021
98.67934,59,18438.661528
99.249041,49,18442.840919
98.437004,70,18448.529641
98.606738,80,18455.084383
98.974631,58,18459.811533
98.524403,68,18465.543876
98.778455,78,18471.996343
98.894388,77,18478.255096
99.065182,58,18483.312334
99.366362,62,18488.781337
98.931918,58,18493.670886
99.264032,52,18498.078889
99.528098,44,18501.771103
98.969196,63,18506.999321
98.847574,59,18512.053396
98.891987,63,18517.443293
98.511897,69,18523.174425
98.810262,65,18528.627203
98.667147,66,18534.088594
99.061898,68,18539.619279
99.217157,53,18544.274116
98.547018,94,18551.955729
99.250011,50,18556.228252
98.372492,83,18562.798153
98.754916,62,18568.206543
98.917291,61,18573.324251
99.240705,56,18578.190835
99.327473,45,18582.180141
98.307279,80,18588.908303
99.215965,53,18593.447136
98.56785,69,18599.18041
98.864743,64,18604.576777
99.064938,58,18609.459929
98.749034,64,18614.718865
98.511456,66,18620.466082
98.544757,75,18626.748692
99.008927,60,18631.665628
98.651914,66,18637.199252
99.154039,61,18642.19602
98.806314,68,18647.755029
98.728836,66,18653.355065
99.268064,49,18657.501349
99.475647,44,18661.197645
98.846305,64,18666.454442
98.922094,63,18671.916289
98.944405,60,18677.072356
99.146904,54,18681.747717
98.556896,67,18687.389429
99.04461,54,18691.97945
98.893025,65,18697.389316
98.931704,65,18702.715551
98.782591,64,18708.249068
99.084405,62,18713.505544
99.313521,47,18717.498256
98.43583,80,18724.130429
98.223769,75,18730.371733
99.642853,36,18733.542488
98.70578,66,18739.078538
99.295448,48,18743.249933
98.306054,75,18749.498475
98.823399,61,18754.604181
98.54068,68,18760.240653
98.431253,75,18766.363452
98.227682,79,18772.970436
98.887734,60,18778.11479
98.802043,65,18783.554045
99.38054,43,18787.252428
99.33513,56,18791.986729
98.673342,65,18797.645527
99.032166,53,18802.223031
98.940863,60,18807.20535
99.160178,53,18811.918368
98.929756,54,18816.773871
99.486291,45,18820.730178
98.853565,76,18827.188332
99.180055,67,18833.048212
99.039545,59,18838.259694
98.972321,58,18843.452237
98.703538,65,18849.256491
98.442401,70,18855.482608
99.256754,51,18860.025746
98.361845,73,18866.344375
99.179873,53,18871.025847
98.41626,69,18877.022824
98.708306,73,18883.034523
99.118135,65,18888.406108
99.073616,58,18893.336321
98.750208,66,18899.000348
98.990234,58,18903.86676
99.41767,46,18907.671173
99.035498,59,18912.961018
98.925734,58,18918.035901
98.316025,76,18924.370869
98.758514,61,18929.601111
98.857083,65,18935.056499
98.636627,64,18940.56034
98.75115,59,18945.649226
98.891571,66,18951.259539
99.217743,60,18956.445532
98.964788,59,18961.543276
99.124704,54,18966.211677
99.248364,51,18970.48495
99.2827,53,18974.960438
98.85694,68,18980.683286
98.882041,58,18985.791725
98.651452,71,18991.636139
98.747374,64,18997.088951
98.386484,70,19002.895329
98.352611,76,19009.162571
98.856426,66,19015.008356
99.161461,51,19019.438962
99.006247,61,19024.746896
98.738146,81,19031.525573
98.7706,65,19037.096878
98.920293,57,19042.070133
99.099106,55,19046.77295
98.243455,81,19053.555484
98.954969,56,19058.427936
99.048248,60,19063.733976
99.130402,55,19068.211597
99.289037,48,19072.464435
98.965446,62,19077.660319
98.928897,60,19082.635843
98.611421,67,19088.394178
98.758396,87,19095.692391
98.972849,56,19100.607983
98.577619,63,19106.05555
98.576389,71,19112.152793
99.094091,52,19116.667248
98.682436,65,19122.073592
98.987663,54,19126.740535
98.653186,69,19132.528631
98.303943,82,19139.314071
98.627461,67,19145.055216
99.176796,51,19149.598284
99.521303,40,19153.16885
99.292604,46,19157.175493
98.501024,67,19163.046875
99.056941,56,19167.762892
99.377239,49,19171.953161
98.259809,76,19178.290706
98.824896,56,19183.018409
98.664875,70,19189.086152
99.131718,58,19194.078382
99.44039,42,19197.781858
98.882095,58,19202.880379
98.578773,65,19208.653432
99.024413,66,19214.605254
99.225471,53,19219.35385
99.318192,46,19223.431676
98.1762,79,19230.212364
98.607527,67,19235.967313
98.800707,68,19241.98341
98.513437,68,19247.86004
99.309952,45,19251.999572
98.890487,62,19257.495677
99.199603,57,19262.280776
99.123627,52,19266.800481
98.789055,63,19272.326529
99.091823,65,19277.862064
98.333644,80,19284.868129
99.155566,51,19289.651952
98.731395,61,19295.037246
99.267415,49,19299.451183
99.34991,48,19303.686572
99.478834,40,19307.300726
99.449008,40,19310.95232
99.089516,59,19316.091841
98.823135,61,19321.395059
99.284537,49,19325.658836
98.579544,69,19331.417179
98.79534,61,19336.742681
99.105389,56,19341.515324
99.100748,49,19345.811941
97.370155,145,19358.396536
99.170125,53,19362.942511
99.389824,43,19366.839408
98.849426,60,19371.798856
98.892675,64,19377.039845
98.48406,75,19382.767905
99.233823,51,19386.950389
99.28487,50,19390.86865
99.118139,55,19395.016875
98.30922,80,19401.249946
98.978394,63,19405.958107
98.846624,75,19411.672384
99.191,62,19416.37815
98.673143,67,19421.32413
98.328282,79,19427.259656
98.17777,82,19433.197178
98.403067,80,19439.296207
98.525897,72,19444.759921
98.795469,76,19450.227269
98.282432,84,19456.204962
98.648041,76,19461.793736
98.588648,69,19466.867658
99.002149,62,19471.44406
98.510584,74,19476.758957
98.75308,70,19481.924486
98.955823,64,19486.552189
98.445852,76,19492.022614
99.121205,58,19496.233475
98.783844,70,19501.37922
98.781105,76,19506.982896
97.879351,116,19515.206837
98.897258,64,19520.015744
98.066869,85,19526.452081
99.019393,58,19530.702537
98.142735,89,19537.006861
97.941366,83,19543.128051
98.663456,73,19548.409586
99.152664,58,19552.83473
99.142772,63,19557.491702
98.495695,73,19562.879734
98.845224,71,19568.09869
97.972861,85,19574.20284
98.533504,84,19580.097275
98.851747,68,19584.934297
98.657429,70,19590.045494
98.680834,70,19595.111233
99.295515,53,19599.05981
98.532052,84,19604.888947
98.133494,84,19610.727687
98.836613,73,19615.884942
98.750971,71,19620.938092
98.696969,74,19626.101673
99.009418,71,19631.063941
98.666086,77,19636.315094
99.51727,47,19639.684316
98.404168,81,19645.337771
98.457431,88,19651.245268
99.346897,53,19654.926833
98.375316,85,19660.858673
99.120064,68,19665.511523
99.498299,45,19668.835667
98.706218,82,19674.596829
98.20893,83,19680.352715
98.284062,81,19685.902705
98.237689,86,19691.859441
98.282156,78,19697.317467
98.583322,76,19702.58896
99.062189,71,19707.570941
99.468191,45,19710.950423
98.040045,89,19717.111239
99.034854,62,19721.781929
98.481335,81,19727.481975
98.852544,68,19732.31684
98.791999,73,19737.496113
98.303112,82,19743.440936
99.170898,58,19747.631409
99.113057,64,19752.286979
98.501556,78,19757.823287
99.064349,58,19761.986577
97.752392,94,19768.500743
99.05152,67,19773.362418
98.815277,70,19778.361975
98.741992,72,19783.317946
99.181457,54,19787.191165
98.528321,80,19792.786951
98.819384,74,19798.038446
98.424707,77,19803.634296
98.198593,82,19809.646372
98.030216,86,19815.698941
98.93311,69,19820.620093
98.585793,78,19826.036867
99.463073,45,19829.432353
98.27277,97,19836.215509
98.383132,81,19842.217103
99.073407,64,19846.764885
99.124705,61,19851.200608
98.374071,76,19856.701256
98.19204,79,19862.288181
99.517926,46,19865.714984
98.610857,71,19870.859913
97.650721,103,19877.841294
98.626103,80,19883.426571
98.196166,87,19889.420909
98.823814,66,19894.122133
98.258304,80,19899.609842
99.001665,66,19904.338639
98.167267,85,19910.219019
98.141095,95,19916.556976
98.528356,80,19921.995539
99.469581,48,19925.482922
99.245383,52,19929.240281
98.127158,89,19935.481909
98.500034,73,19940.579098
98.683172,78,19945.985841
98.559837,77,19951.373243
98.599673,75,19956.760345
98.615491,75,19962.122136
98.495914,73,19967.273372
98.273222,81,19973.211057
98.775355,75,19978.463878
99.33126,51,19982.145902
98.63957,82,19987.946699
98.019565,94,19994.384396
98.507342,85,20000.222376
98.782767,79,20005.693587
98.466998,85,20011.580046
99.329075,53,20015.576229
99.257729,53,20019.504988
98.001915,84,20025.39671
98.709572,73,20030.510756
98.38217,79,20036.066762
99.261067,57,20040.080112
98.336324,79,20045.828233
99.067558,58,20050.068242
97.673551,94,20056.508899
98.871233,66,20061.275432
99.142336,58,20065.39704
98.853017,67,20070.067634
98.903919,84,20075.896218
99.077269,59,20080.134608
98.797175,68,20085.087783
99.000609,64,20089.695287
98.362677,78,20095.234121
99.085473,60,20099.530897
98.459533,82,20105.340359
99.394496,45,20108.803416
98.371496,77,20114.29448
98.753383,67,20119.247606
99.482799,45,20122.595598
99.290905,54,20126.464612
98.859875,70,20131.276802
98.551167,73,20136.50907
98.529494,73,20141.753524
98.3725,77,20147.216844
99.222218,51,20150.908642
98.641956,72,20156.020618
98.612672,74,20161.308703
98.841101,65,20166.001544
99.072964,63,20170.536563
99.193843,58,20174.721852
98.532682,69,20179.873629
99.358029,51,20183.689675
98.717884,70,20188.882495
98.969033,75,20194.205768
98.386879,80,20199.854418
98.669091,67,20204.763834
98.930339,63,20209.389387
99.187228,55,20213.665519
98.846664,63,20218.343116
99.137409,54,20222.513259
98.299405,80,20228.433343
99.029786,65,20233.170759
99.146652,60,20237.67469
99.031317,59,20241.915495
98.651129,73,20247.183088
98.832326,67,20251.989644
97.945596,91,20258.625545
99.10464,61,20263.019279
98.576222,76,20268.50312
98.063215,82,20274.430761
98.295357,77,20279.954975
98.636332,71,20285.106354
98.808901,64,20289.976615
98.462802,72,20295.54476
98.692452,66,20300.521507
98.123538,80,20306.374933
99.413791,45,20309.834385
98.829989,67,20314.801936
98.333356,73,20320.349247
99.245946,59,20325.064486
98.64269,76,20330.782111
98.790297,72,20335.953028
98.934597,61,20340.464498
98.568961,77,20346.120413
98.60146,85,20352.366265
99.219623,62,20357.019741
98.655178,68,20362.072929
98.479962,72,20367.479117
99.080408,57,20371.851316
98.763174,73,20377.264664
98.152825,85,20383.622324
98.425244,82,20389.582833
98.950931,66,20394.440274
98.28723,77,20400.139218
98.673892,71,20405.471681
99.493378,42,20408.702823
98.713143,71,20414.085728
99.149498,57,20418.540584
98.699941,73,20424.047128
98.531669,71,20429.493327
99.434834,45,20433.200444
98.665917,71,20438.644077
98.738231,69,20443.834524
98.368381,77,20449.506416
98.655368,71,20454.85752
99.187924,55,20459.057042
98.705769,75,20464.714288
98.445215,74,20470.199832
99.087549,71,20475.393574
98.799526,62,20480.110163
99.056084,57,20484.395998
98.795912,69,20489.559798
98.49098,71,20495.09516
99.411886,47,20498.882984
98.785893,73,20504.502337
99.089009,65,20509.297086
97.921656,87,20515.750268
98.960964,60,20520.304804
98.829317,63,20525.215408
98.717772,67,20530.352397
98.923329,66,20535.540767
98.197071,81,20541.614564
99.250975,52,20545.624336
98.206843,76,20551.342075
98.466609,74,20556.999045
99.210945,51,20560.988804
99.298473,55,20565.283787
97.962275,94,20572.15163
98.947082,64,20577.135457
99.408372,47,20580.846339
99.235034,67,20586.278828
98.351472,75,20591.701948
99.358045,47,20595.535077
98.54413,70,20601.092287
98.770183,66,20606.179696
97.723116,92,20613.032188
98.569244,75,20618.654181
98.785463,64,20623.455406
98.699166,67,20628.738998
98.497951,70,20634.150463
98.061521,85,20640.52375
98.005777,85,20646.952894
99.310874,49,20650.889996
99.17256,62,20655.750878
99.292198,50,20659.747904
98.448362,75,20665.795324
98.603843,72,20671.378095
98.640067,64,20676.512367
98.797724,66,20681.513008
98.531914,76,20687.272417
98.9426,62,20692.090836
98.789538,64,20697.049818
98.423161,83,20703.31862
98.886956,66,20708.443209
98.514706,69,20713.781374
99.497624,44,20717.249124
97.98866,87,20723.705674
99.270585,54,20727.760459
98.633891,69,20733.040849
98.659402,69,20738.441965
98.023378,88,20745.269972
99.033819,58,20749.916387
99.36857,47,20753.705566
98.846448,63,20758.780066
99.255014,50,20762.755511
98.615849,72,20768.451319
99.344484,50,20772.678129
99.392523,48,20776.435964
98.55995,67,20781.784189
99.204404,60,20786.408062
98.4594,72,20792.0519
98.973598,55,20796.48033
98.767339,69,20801.914316
98.538532,73,20807.676474
98.7825,62,20812.535305
98.701607,67,20817.857928
98.264964,79,20823.956466
99.288843,52,20828.034058
99.422091,45,20831.699622
99.384623,45,20835.333673
99.077157,56,20839.777092
98.786784,66,20844.958953
98.93833,63,20849.973615
98.778038,70,20855.519817
98.532015,74,20861.429879
98.774517,61,20866.53567
99.061914,53,20870.946542
98.890254,59,20875.750477
99.070846,59,20880.406371
98.66385,69,20885.760097
98.868554,65,20891.02117
99.285192,51,20895.138481
98.854682,59,20899.900771
98.417051,73,20905.603663
98.707899,63,20910.571502
98.548844,67,20915.924909
98.666843,68,20921.263079
99.10222,65,20926.373027
98.96134,60,20931.192452
98.27552,78,20937.327719
98.583459,71,20942.869659
99.325913,49,20946.826725
99.431783,42,20950.349874
99.265695,49,20954.42479
99.001312,64,20959.782268
99.256528,47,20963.707572
98.683888,75,20969.533886
98.346808,79,20976.068046
98.507103,78,20982.452164
98.901237,63,20987.514585
97.991024,86,20994.297053
98.377278,69,21000.017479
98.906402,66,21005.313466
98.513861,69,21010.751713
99.166062,62,21015.761138
98.489369,81,21022.185671
98.927227,61,21027.339545
98.944259,58,21031.988903
98.924777,56,21036.608115
98.89644,69,21042.117208
98.23588,76,21048.396569
99.363643,48,21052.261324
98.954824,66,21057.61326
99.245268,55,21062.28974
99.30531,51,21066.534295
98.158269,86,21073.566346
98.976365,56,21078.204934
98.766286,63,21083.405446
97.724345,95,21090.904402
98.741647,65,21096.432289
98.435414,70,21102.07428
98.697773,66,21107.586801
98.21957,74,21113.694859
98.886128,60,21118.709427
98.483055,67,21124.361421
98.972561,58,21129.405787
98.357677,71,21135.085922
98.352792,74,21140.955151
98.00631,81,21147.420584
98.903626,61,21152.275525
99.29903,49,21156.390015
98.768188,66,21161.782298
98.724592,61,21167.108202
98.607025,64,21172.500495
98.342331,68,21178.173087
98.660553,69,21183.70712
98.663783,63,21188.837478
98.653603,66,21194.317925
98.253763,77,21200.539097
99.087684,53,21204.888041
98.884335,55,21209.694685
99.067354,55,21214.378934
99.048179,63,21219.630757
98.681439,61,21224.677008
98.276899,73,21230.81251
99.523214,40,21234.19754
99.410452,45,21237.946434
99.009308,60,21243.019545
98.643742,64,21248.559099
98.967821,56,21253.332252
98.798028,69,21259.301725
98.436175,70,21265.262157
99.456816,45,21269.147293
99.236406,51,21273.568366
99.329862,47,21277.623425
99.194014,48,21281.907494
98.910617,61,21287.290648
99.397385,44,21291.019255
98.965444,55,21295.765069
98.55432,65,21301.264415
99.243295,49,21305.562346
98.808649,59,21310.473386
98.694525,69,21316.393152
98.945655,57,21321.326303
99.261679,51,21326.001641
99.390994,43,21329.914072
98.816508,64,21335.59769
98.085094,76,21341.639164
98.581043,69,21347.526075
98.648005,66,21353.274464
99.34668,47,21357.098563
99.052843,53,21361.680259
99.071823,54,21366.271096
99.006962,61,21371.681854
99.539115,38,21374.912655
98.92516,62,21380.225315
98.719983,62,21385.328943
99.009982,62,21390.572163
98.536696,70,21396.596136
99.164194,50,21400.869301
99.464036,41,21404.466115
99.179607,49,21408.858928
-6.622406,200,21425.004989
99.148893,56,21429.922093
98.635232,79,21436.377109
99.23689,50,21440.610664
98.557391,68,21446.296854
98.667409,64,21452.194681
98.631845,65,21457.698726
98.984389,63,21462.940825
98.648678,65,21468.361965
98.754081,59,21473.530072
99.185716,54,21478.11524
98.786312,62,21483.349266
98.82298,61,21488.545727
99.370253,46,21492.35168
98.99801,55,21497.014988
99.229746,50,21501.264052
98.601145,64,21506.717021
98.953419,57,21511.458949
99.269792,51,21515.653069
99.133255,60,21520.64994
98.953186,62,21525.842696
98.336964,68,21531.666012
99.315216,53,21536.157021
99.349827,47,21540.237412
98.580199,69,21545.761205
99.486288,43,21549.271213
98.683717,65,21554.546819
98.580979,66,21560.067554
99.039699,63,21565.23365
99.28891,47,21569.192828
98.671284,63,21574.669193
99.356879,45,21578.601752
98.765312,67,21584.071
98.656748,63,21589.560558
99.085541,56,21594.560815
99.054348,64,21599.721988
99.10074,58,21604.776337
99.483338,40,21608.191741
98.980837,61,21613.507415
99.172822,48,21617.696629
98.743488,60,21622.894258
99.372047,45,21626.894048
98.963254,58,21631.832089
98.591618,92,21639.401425
99.48241,41,21643.092715
98.620378,69,21648.865904
99.216229,58,21653.772065
99.034414,59,21658.759293
98.712605,61,21664.042363
99.520308,42,21667.698976
98.928854,66,21673.043004
98.525217,70,21678.805624
98.598826,72,21684.994529
98.932552,56,21689.847447
98.71497,68,21695.616256
98.734048,68,21701.194292
98.793477,62,21706.268106
98.524282,66,21712.003729
98.817237,63,21717.313824
99.007145,67,21722.805976
98.965405,69,21728.704102
98.459185,66,21734.173884
99.180119,48,21738.526071
98.904657,65,21744.017452
98.042909,104,21752.619461
99.082237,52,21757.207518
98.735754,60,21762.511431
99.321245,44,21766.431136
98.729527,61,21771.807858
98.790553,57,21776.990389
99.276381,46,21780.962286
98.444188,69,21786.928287
99.115587,53,21791.672542
99.350385,49,21795.939763
99.122144,51,21800.50092
98.88588,62,21805.794454
99.02491,52,21810.425214
99.294504,46,21814.361128
