-7.552577,200,10.740513
-6.386534,200,21.1652
-6.719844,200,32.076042
-6.972149,200,42.627727
-6.934302,200,53.04245
-7.249355,200,63.39919
-7.591381,200,74.638974
-3.358344,200,85.892776
-7.278497,200,97.267731
-6.570311,200,108.791221
-6.603238,200,120.330245
-8.581765,200,132.289014
-5.643779,200,143.619247
-9.557096,200,155.112597
-4.661435,200,166.372181
-7.805549,200,177.629221
-6.803694,200,188.879189
-3.061345,200,200.385905
-6.709971,200,211.651458
-4.624353,200,222.826623
-2.646741,200,233.967854
-7.882456,200,245.216248
-4.244281,200,256.723889
-6.721818,200,268.379677
-3.865409,200,279.683121
-7.365199,200,290.913945
-9.07272,200,302.161221
-8.680779,200,313.399995
-5.292578,200,324.628381
-6.162733,200,335.845127
-5.581202,200,347.087979
-6.254844,200,358.31359
-5.815311,200,369.528686
-7.075971,200,381.093316
-6.266854,200,392.664863
-9.805146,200,404.015727
-10.353983,200,415.313412
-8.542814,200,426.458913
-9.080572,200,437.687431
-4.926076,200,448.971064
-7.622301,200,460.257501
-7.607764,200,471.780417
-8.628069,200,483.392187
-9.957241,200,494.691057
-5.484306,200,505.917015
-6.18315,200,517.556761
-6.932845,200,529.040983
-5.299927,200,540.821251
-7.034064,200,552.059287
-5.026859,200,563.279299
-6.429678,200,575.275634
-6.43288,200,586.675262
-4.67243,200,597.873305
-6.081717,200,609.089516
-5.906348,200,620.569528
-8.731423,200,632.082426
-7.157153,200,643.196887
-5.841325,200,654.719456
-4.575114,200,665.954242
-6.341632,200,677.222229
-4.812592,200,688.387795
-4.908724,200,699.964724
-6.172657,200,711.063022
-4.638102,200,722.266958
-5.377905,200,733.416501
-7.375745,200,744.653112
-4.930185,200,755.92458
-4.05431,200,767.401702
-3.776315,200,778.60014
-4.181385,200,790.255899
-4.43173,200,801.73235
-4.729767,200,812.965913
-4.897281,200,824.117643
-4.81839,200,835.697937
-4.685641,200,846.958504
-3.676691,200,858.125184
-3.935087,200,869.346675
-4.996985,200,880.640805
-4.922995,200,892.106532
-4.310613,200,903.698505
-4.448116,200,914.886351
-2.990577,200,926.046107
-4.993096,200,937.599757
-5.083353,200,949.623597
-4.803112,200,961.106825
-4.265927,200,973.095548
-5.637987,200,985.106982
-5.125736,200,997.014976
-4.473539,200,1009.173332
-4.50073,200,1021.170199
-3.219083,200,1033.278327
-3.218565,200,1045.418965
-3.503478,200,1057.53796
-3.043657,200,1069.538154
-5.620292,200,1081.464966
-4.467474,200,1093.577691
-3.066163,200,1105.630332
-2.403837,200,1118.153206
-2.830854,200,1130.225353
-2.740262,200,1142.169845
-2.561224,200,1154.212415
-3.632711,200,1166.576048
-2.364964,200,1178.615572
-2.529831,200,1190.759731
-5.06434,200,1202.985868
-2.159038,200,1215.230091
-2.250332,200,1227.235887
-2.485536,200,1239.159976
-1.994408,200,1251.198555
-3.144652,200,1263.356692
-2.081817,200,1275.545515
-2.093898,200,1287.610394
-1.443923,200,1300.646887
-8.207795,200,1312.624844
-1.808149,200,1325.749527
-5.365465,200,1344.812326
-1.787923,200,1358.52947
-2.241176,200,1371.278256
98.699314,93,1377.871685
-2.216614,200,1388.932012
-5.764019,200,1400.643877
-3.972018,200,1412.386655
-6.56421,200,1424.320719
-4.920197,200,1435.922129
98.704441,84,1441.740069
-4.964574,200,1452.619465
-6.385787,200,1464.370573
-6.18373,200,1476.025967
-5.539353,200,1487.75485
-6.459206,200,1499.548097
-3.895934,200,1511.503029
-5.897369,200,1523.139077
-4.166554,200,1534.800019
-5.39111,200,1546.51263
-5.212325,200,1558.2159
-4.153514,200,1570.462294
-3.572006,200,1582.15741
-4.707406,200,1593.873767
-3.849226,200,1605.466677
-3.375777,200,1617.190181
-5.073422,200,1628.860241
-3.442133,200,1640.698634
-5.497344,200,1652.352627
-3.664916,200,1664.196549
-3.731906,200,1676.027143
-3.459335,200,1687.808073
-3.264194,200,1699.672818
-3.755656,200,1711.407286
-3.919353,200,1723.231333
-3.81672,200,1735.339087
-4.642641,200,1747.240528
-4.271095,200,1758.844725
-5.465768,200,1770.54584
-3.846049,200,1782.466064
98.61333,85,1788.519331
-6.013738,200,1799.54734
-5.396648,200,1811.622959
-5.538053,200,1823.526839
-5.950896,200,1835.597256
-3.947453,200,1847.383743
-3.250656,200,1859.210438
-6.496365,200,1870.935078
-3.710302,200,1882.850457
-4.575644,200,1894.54942
-3.323905,200,1906.219046
-7.118953,200,1918.211174
-2.605607,200,1929.97985
-3.747367,200,1941.762429
-7.561086,200,1953.535511
-4.056538,200,1965.166024
-6.77751,200,1977.006697
-5.244761,200,1988.990211
-7.160478,200,2001.004906
-6.49564,200,2012.739729
-1.648343,200,2024.689038
-2.914606,200,2036.358171
-6.444338,200,2048.281356
-4.24778,200,2060.069211
-4.541633,200,2071.862486
-4.402482,200,2083.622368
98.786499,73,2088.924616
99.182007,71,2093.34946
99.09397,66,2099.765724
99.271689,60,2103.812437
-1.818403,200,2114.60229
-2.81809,200,2126.32321
-2.644694,200,2138.036097
-5.063546,200,2149.715568
-1.555799,200,2161.384459
-4.860192,200,2173.037243
-2.701797,200,2184.732772
-2.09765,200,2196.401341
99.300466,66,2201.453854
-8.152108,200,2212.197319
-6.212465,200,2223.986953
-6.506372,200,2235.676527
-8.157161,200,2247.34962
-2.704973,200,2259.040146
-2.92478,200,2270.87128
-1.934083,200,2282.528183
-1.793056,200,2294.213153
98.545903,104,2301.067316
-5.539864,200,2312.132274
-1.119106,200,2323.78192
98.605128,106,2330.714501
98.282169,107,2337.091439
99.308677,64,2341.33673
97.902261,125,2348.329234
-4.476272,200,2359.523791
98.286128,139,2368.190629
98.67634,96,2374.217929
99.293998,62,2378.326619
96.618264,187,2388.554185
98.058938,161,2398.452013
98.67896,113,2405.490107
98.180247,99,2411.535238
98.70632,87,2416.923792
-2.590477,200,2427.796657
97.976769,154,2437.026577
-2.093016,200,2448.231363
-1.498554,200,2459.690442
-4.406209,200,2471.13051
98.51935,103,2477.73097
98.705079,102,2483.822545
99.362849,50,2487.321581
99.319712,56,2490.748653
98.542416,110,2496.933053
99.085589,77,2501.866889
98.774423,99,2507.632665
98.397403,199,2518.552156
-2.54345,200,2530.227017
99.00194,75,2535.751859
98.445805,96,2541.458149
98.419074,92,2547.272851
98.687784,76,2552.085236
98.322071,93,2557.721919
98.392947,187,2568.022427
-1.893659,200,2579.795514
-9.037269,200,2591.764328
99.113322,150,2600.922315
98.144858,155,2609.988676
99.040603,167,2619.806237
98.016935,175,2629.969296
98.784809,90,2635.92741
99.253687,66,2640.132879
-6.339001,200,2650.892344
98.511444,84,2656.746183
98.329481,80,2661.614023
98.583454,75,2666.266407
98.160071,88,2671.525023
98.463794,106,2677.818244
98.501131,95,2683.585155
98.509655,89,2688.970838
98.340522,158,2697.749777
99.297179,53,2701.879138
98.526663,92,2707.129575
99.273726,68,2711.485025
98.553622,79,2716.197217
98.420088,141,2724.267381
98.883079,85,2729.90109
98.761978,82,2735.002183
99.141693,59,2738.816463
99.265861,57,2742.402081
98.637874,77,2747.022243
99.104544,62,2750.993445
98.763083,74,2755.42761
98.017538,85,2760.627716
98.279404,190,2771.284728
-7.869268,200,2782.950276
98.814964,79,2788.576841
-6.189338,200,2799.417352
98.078353,124,2807.343762
99.055018,62,2811.639712
98.331962,103,2817.587046
98.750911,127,2825.013863
99.040236,76,2830.44255
98.485773,109,2836.824269
98.388049,82,2842.069177
99.468195,47,2845.670568
97.954565,108,2851.69544
-6.88675,200,2862.803
98.294212,83,2868.744246
-8.258683,200,2879.68144
99.022454,83,2885.663002
98.522088,76,2890.350497
98.171717,110,2896.728098
98.112594,129,2904.265781
98.36496,94,2910.214112
98.627892,97,2916.037352
98.664004,93,2921.811876
98.415144,97,2927.718132
98.374044,90,2933.696925
97.56246,130,2941.133117
99.273829,63,2945.63422
98.688838,77,2950.288679
98.92466,74,2954.909722
98.733846,92,2960.366855
98.531853,73,2964.96157
98.809957,75,2969.540689
99.259118,57,2973.344623
-7.412432,200,2984.099279
98.861159,91,2990.914007
98.491081,90,2996.492679
97.461705,169,3005.932268
98.454648,87,3011.894805
98.802413,86,3017.152821
97.587401,131,3024.698445
98.451398,87,3030.381314
98.480683,119,3037.360183
98.352155,97,3043.35057
98.646935,89,3048.791782
98.632628,75,3053.540554
98.980573,97,3059.369723
98.43032,110,3065.868263
98.402245,88,3071.344814
99.256102,55,3075.037356
98.579198,97,3080.605846
98.194255,82,3085.768393
99.294008,60,3089.638091
98.364924,85,3094.670382
98.384099,104,3100.815266
98.016365,92,3106.501626
98.820233,85,3111.761796
98.906842,68,3116.044876
98.18714,89,3121.315787
99.001887,63,3125.672111
99.179146,62,3129.561375
98.543001,89,3134.810082
99.302652,56,3138.57035
99.316877,54,3141.951799
98.259458,106,3147.920847
98.521795,92,3153.567212
98.443395,83,3158.737645
98.411974,92,3164.257082
98.489283,81,3169.319709
97.886441,102,3175.336317
99.080998,75,3180.176029
98.231785,86,3185.454414
98.576434,90,3190.932907
99.086799,62,3195.059158
97.908083,101,3200.838413
98.618902,97,3206.760421
98.029437,112,3213.370875
98.44521,76,3218.269708
98.360863,100,3224.274303
98.379257,90,3229.828382
99.030269,67,3234.122501
98.812838,89,3239.323747
98.591485,94,3244.92644
98.945417,85,3250.112624
98.18524,87,3255.424371
99.122311,66,3259.661621
98.863621,70,3264.101354
98.580224,94,3269.684456
98.356051,80,3274.649886
98.911826,69,3278.950488
98.071626,93,3284.472049
98.223619,92,3290.221123
99.087118,125,3297.440906
98.898191,67,3302.004737
98.964748,65,3306.028437
99.380797,82,3311.04484
99.386941,52,3314.525177
98.613847,91,3319.757232
98.381355,101,3326.056531
98.663828,77,3330.895686
98.867854,79,3335.714092
98.593205,83,3340.849411
98.503176,103,3346.950028
98.464527,78,3351.860929
98.478723,107,3358.018856
98.812212,82,3363.171376
98.495558,89,3368.709586
99.218071,78,3373.569113
98.509845,105,3379.698732
98.637615,127,3387.416989
98.145921,105,3393.8733
98.441134,79,3398.908579
98.877791,109,3405.254893
98.402643,84,3410.617607
98.183759,138,3418.420927
99.007136,91,3424.353265
98.563741,87,3429.691086
98.739489,93,3435.311353
98.582325,82,3440.408826
98.201818,83,3445.480633
98.735977,85,3450.612432
98.240555,99,3456.519614
98.354275,77,3461.712045
98.795498,74,3466.330007
98.411998,90,3471.808114
98.696758,111,3480.313611
98.597011,85,3486.069211
98.829489,72,3490.560023
98.475078,93,3496.032632
98.40056,82,3501.212446
98.658365,82,3506.200875
98.171061,87,3511.444332
98.6987,82,3516.700684
98.216135,101,3522.675121
98.775339,97,3528.58431
99.433181,54,3532.377656
98.862653,74,3536.745462
97.868821,108,3542.986166
98.525299,74,3547.716552
98.707677,109,3554.022396
98.600292,108,3560.572566
98.877186,73,3565.290982
98.453836,83,3570.27839
99.449695,48,3573.539451
98.497544,99,3579.108298
98.638451,77,3583.958959
98.698958,95,3589.611035
98.832831,65,3593.837617
98.725591,79,3598.538523
98.6944,85,3603.800161
97.93148,111,3610.718141
98.878199,69,3615.374995
98.987691,69,3619.659849
98.370594,88,3624.915648
98.912827,74,3629.671794
98.779655,90,3635.051186
98.990198,79,3639.988082
98.338612,106,3646.215413
96.556726,142,3654.403118
98.960079,79,3659.736541
98.383367,121,3666.652577
98.194525,123,3674.025082
98.623946,127,3681.538256
99.145823,68,3686.146156
98.401792,106,3692.263952
98.911074,74,3697.033117
98.57164,105,3703.099485
98.375819,96,3708.95045
99.256945,58,3712.859369
98.639034,121,3719.587777
99.029748,60,3723.75544
98.393107,101,3729.505987
98.403862,91,3735.028605
99.00686,69,3739.429929
98.381167,87,3744.550715
98.767085,91,3749.994217
98.379263,97,3755.796388
98.250626,99,3761.77652
98.687604,99,3767.793468
98.26408,111,3774.436199
99.076378,70,3779.077211
98.652706,84,3784.104335
98.996826,72,3788.74802
98.472825,87,3793.951158
98.314665,87,3799.218026
98.510511,81,3804.225821
98.714223,90,3809.640203
98.498305,88,3814.971848
97.651993,129,3822.369901
98.857572,92,3828.237244
98.034448,105,3834.49818
98.778483,73,3839.184089
99.321545,61,3843.060901
97.953143,95,3848.597241
99.405149,48,3852.201496
97.932717,106,3858.16323
98.845617,95,3864.049836
98.196974,93,3869.663172
98.709797,91,3875.194676
98.743774,97,3880.991548
98.521161,105,3887.262444
98.383739,90,3892.823898
99.117033,72,3897.342059
98.916943,74,3901.843536
98.884542,82,3906.80191
99.273115,75,3911.465432
98.231368,88,3916.79522
-5.550163,200,3927.73983
98.792383,71,3932.959967
98.169107,99,3938.711703
98.060243,103,3944.881145
98.798338,82,3950.003742
98.512788,93,3955.774143
98.89041,75,3960.693259
98.603297,86,3965.827724
98.263592,101,3971.775388
98.947533,65,3976.02634
99.123244,67,3980.12394
-4.295472,200,3990.910912
98.581154,82,3996.768134
98.06886,95,4002.442718
98.368143,89,4007.851958
99.253242,63,4011.91534
98.551364,96,4017.447557
98.647266,88,4022.788601
98.302231,101,4028.720339
97.453838,127,4036.008955
99.115001,74,4040.837182
98.041892,96,4046.455895
-3.586202,200,4057.577631
98.998404,60,4062.392703
99.278527,60,4066.167518
98.58285,85,4071.162456
98.272401,94,4076.739916
98.687868,78,4081.625534
98.861327,73,4086.099501
98.063924,85,4091.243734
99.098803,77,4095.973224
98.952778,78,4100.72541
98.643561,85,4105.842629
98.553986,78,4110.640499
99.146292,70,4114.971781
98.605143,81,4119.808789
98.957143,79,4124.641536
99.008685,80,4129.534859
98.158015,96,4135.221604
97.82724,133,4142.857901
98.173992,125,4150.347384
97.89894,109,4157.411572
99.165732,75,4162.211213
-4.97189,200,4173.109527
98.492223,89,4179.433939
98.560164,146,4187.818381
99.032824,63,4192.309277
98.636371,79,4197.017875
-3.993653,200,4207.839774
99.179012,59,4212.775022
98.336703,87,4217.920656
98.059219,94,4223.656439
98.184329,100,4229.658483
98.620116,91,4235.306919
98.608585,90,4240.727865
99.015027,70,4245.179152
98.068435,92,4250.59986
98.971505,64,4254.856664
97.04932,180,4264.726395
98.866739,79,4270.205936
97.421641,174,4279.760026
98.905513,70,4284.718467
98.297715,92,4290.118504
98.559895,97,4295.876343
99.035834,73,4300.480069
99.310318,61,4304.324502
98.565267,85,4309.279264
98.748277,80,4314.167533
98.631346,126,4321.400107
98.529685,81,4326.719698
98.213543,174,4336.382847
98.959607,78,4341.907868
98.246133,90,4347.27705
98.525864,129,4354.85373
98.710908,92,4361.117707
99.079754,67,4365.489203
98.094602,93,4371.125462
98.093633,92,4376.833324
98.36069,102,4382.871752
98.849027,70,4387.461911
98.734191,72,4391.947338
98.804667,75,4396.661817
98.573936,81,4401.594667
98.461356,83,4406.591003
99.091027,64,4410.69231
98.971152,77,4415.4056
98.940958,74,4419.948585
98.356868,87,4425.124429
98.476351,90,4430.793916
97.346773,133,4438.40743
99.38364,51,4442.688257
98.170915,90,4447.871583
98.396922,86,4453.453294
98.265025,92,4458.955485
98.837347,69,4463.362234
98.652446,90,4468.735034
99.168807,65,4472.9843
98.38984,82,4477.857064
98.2785,100,4483.819464
98.252441,91,4489.427052
99.430345,53,4493.009195
98.334248,84,4497.961433
98.472208,89,4503.426074
98.464497,109,4509.984167
98.788168,120,4517.083015
99.278289,59,4521.251549
98.24526,86,4526.280637
98.603439,78,4531.147527
98.435152,86,4536.31648
98.692552,90,4541.740021
96.987352,132,4549.273764
98.863377,75,4554.22317
98.215088,104,4560.220368
97.812232,108,4566.721713
98.440314,123,4573.91199
98.151157,108,4580.478667
99.099208,59,4584.601825
98.436901,138,4592.24649
98.339931,79,4597.547132
98.350918,84,4602.987065
97.847228,108,4609.303859
96.465859,155,4618.095887
98.564026,96,4624.274469
98.609965,87,4629.813014
98.815994,76,4634.533951
98.39888,84,4639.598977
98.882483,71,4644.155494
98.305087,93,4649.660425
98.736841,79,4654.590311
98.822191,83,4659.604816
98.581865,95,4665.261578
99.209852,80,4670.272939
98.44083,90,4675.64832
98.53049,85,4680.807143
98.596998,95,4686.467692
99.152076,64,4690.655501
98.476478,76,4695.240169
98.444814,89,4700.52306
98.441198,127,4707.990293
98.230755,120,4715.664976
98.468085,87,4721.208847
99.212864,60,4725.089629
98.032734,96,4730.639784
98.742534,85,4735.880246
98.655416,88,4741.211946
97.940044,106,4747.51002
97.906081,102,4753.75975
98.203224,95,4759.799256
98.332213,89,4765.347455
98.516392,88,4770.796063
98.207148,95,4776.55777
98.549072,89,4782.068462
99.178419,57,4785.897983
98.459645,95,4791.357729
97.932791,116,4798.248478
98.770811,73,4803.042445
97.983052,105,4809.091497
97.901396,122,4816.652476
99.159889,61,4820.971426
98.935329,76,4825.537516
98.612069,96,4831.256176
98.495273,79,4836.385118
98.750928,81,4841.323151
99.036055,71,4845.724881
97.980451,94,4851.214024
98.555724,89,4856.728029
99.230775,73,4861.403271
98.108668,105,4867.540597
97.578733,113,4874.39658
98.831806,74,4879.432642
98.503372,79,4886.185449
98.44082,92,4891.731476
98.340123,93,4897.338979
98.873778,85,4902.670356
98.583272,92,4908.15153
98.231073,94,4913.825948
98.633867,80,4918.791133
98.867104,70,4923.248139
98.483232,81,4928.203188
99.081577,68,4932.816379
98.283153,91,4938.396513
99.024646,67,4942.703145
98.786539,75,4947.20135
98.779154,73,4951.664271
98.238035,97,4957.369724
98.934918,90,4962.955527
99.086758,77,4967.763779
98.553575,88,4973.15988
98.676327,88,4978.608196
98.842463,76,4983.621959
98.261511,90,4989.031881
98.612753,89,4994.44328
98.208023,99,5000.37601
99.126253,63,5004.583793
99.108886,72,5008.926222
98.348201,123,5016.051037
98.311677,90,5021.743861
99.014055,75,5026.487138
99.247595,58,5030.247859
98.585588,85,5035.256036
98.654219,89,5040.867028
98.236171,93,5046.543426
98.278087,90,5051.987372
99.085892,64,5056.178185
98.768286,81,5060.995453
98.474124,99,5066.985176
98.034227,100,5073.087134
98.381382,87,5078.535203
98.276007,98,5084.442008
98.958743,80,5089.485054
98.260102,109,5095.848057
98.942079,78,5100.857463
98.489591,81,5105.793946
98.807529,68,5110.174954
97.987267,101,5116.342577
98.961317,82,5121.74695
98.807609,71,5126.313016
98.010811,110,5132.613784
98.702877,94,5138.474038
98.542661,81,5143.607279
98.754214,81,5148.55604
98.797887,78,5153.496134
98.313798,82,5158.589055
98.161634,116,5165.352819
98.575945,90,5171.102289
99.181735,74,5175.756077
98.46379,78,5180.47991
99.033488,66,5184.7474
98.724971,74,5189.232128
98.769548,90,5194.638202
98.684386,86,5199.936947
98.244737,105,5206.138363
98.96082,70,5210.689233
98.967785,82,5215.638473
98.797101,70,5220.026652
98.477363,92,5225.480171
98.238402,97,5231.518616
98.963202,73,5236.259643
98.63392,103,5242.290384
98.265455,84,5247.572706
98.304751,88,5253.287328
98.320425,92,5258.932699
99.519524,42,5262.347583
99.377322,58,5265.882812
98.143839,88,5271.104351
98.985927,72,5275.645238
99.140208,66,5279.758461
98.732942,82,5284.629083
98.380873,94,5290.203611
98.781482,76,5294.965718
99.20642,57,5298.653241
98.237794,97,5304.22613
99.072064,60,5308.233803
99.278929,61,5311.995262
98.484932,79,5316.675292
98.51745,79,5321.476799
98.436673,78,5326.226888
98.425025,79,5331.003147
99.231498,59,5334.87854
98.529532,86,5339.931778
98.483926,77,5344.69809
98.36852,95,5350.358896
98.643001,86,5355.730422
98.735335,85,5360.860653
98.916314,78,5365.719569
98.246717,83,5370.854627
98.058686,92,5376.390624
98.822049,84,5381.594381
99.012204,74,5386.209671
98.585588,77,5390.947947
98.418655,94,5396.695147
98.514037,94,5402.455045
98.659945,87,5407.932688
99.319112,55,5411.641681
98.377024,96,5417.175281
98.55216,93,5422.82012
98.84743,66,5427.116993
98.723691,77,5431.779687
98.390233,81,5436.812943
98.403236,81,5441.805228
98.409526,81,5446.701272
98.809674,87,5451.979347
98.259475,101,5458.072007
98.559287,94,5463.797656
98.304312,87,5469.179719
98.379897,94,5474.843026
98.479417,92,5480.752827
99.277935,70,5487.478561
98.242842,84,5492.525008
98.395203,94,5498.124808
98.865357,76,5502.890905
98.494016,89,5508.148057
98.230444,90,5513.533403
98.48067,81,5518.476699
97.740225,102,5524.497394
98.405287,78,5529.452265
98.430685,83,5534.602276
99.000231,62,5538.681499
98.570677,88,5543.831979
99.38421,53,5547.466176
98.196663,99,5553.098361
99.078052,72,5557.722003
98.835209,75,5562.421367
98.488785,83,5567.409511
98.297188,91,5572.848903
98.953945,77,5577.661785
99.111818,63,5581.629627
98.663841,72,5585.956489
98.495929,82,5590.84671
98.34788,86,5596.067165
98.059769,92,5601.600847
99.380927,61,5605.614399
98.057342,93,5610.976324
98.891898,86,5616.360586
99.13805,71,5621.200295
98.4796,85,5626.740052
98.495094,80,5631.942035
99.253708,56,5635.723878
99.439298,51,5639.028918
98.898671,72,5643.561497
98.384969,99,5649.577779
98.683216,69,5654.362263
98.634626,92,5659.809967
98.37457,80,5665.009102
98.553713,94,5670.749512
98.138023,102,5676.840146
98.832183,72,5681.580706
98.283572,91,5686.970032
98.9428,68,5691.343598
98.441199,86,5696.413072
98.294392,84,5701.511693
98.637215,98,5707.341044
98.25717,100,5713.328687
98.284311,100,5719.312937
98.24528,86,5724.608383
97.996311,97,5730.374868
98.359344,90,5735.839297
98.608226,99,5741.732044
98.292186,91,5747.262624
98.429227,81,5752.270858
98.659958,101,5758.170968
98.057782,95,5764.05581
98.533121,77,5768.891433
98.791848,76,5773.51505
99.226269,64,5777.592722
98.373842,82,5782.443855
98.86801,77,5787.189116
98.830671,85,5792.336171
98.967162,109,5798.708344
98.354145,82,5803.854065
97.948463,101,5809.774419
99.119545,59,5813.701475
97.853105,105,5819.729206
98.443736,76,5824.579062
98.844099,80,5829.473963
98.929812,94,5835.050931
98.241931,91,5840.584303
98.58855,76,5845.361251
98.373949,96,5850.985984
98.413489,94,5856.630675
98.194232,95,5862.359856
98.498176,95,5868.038
99.252063,64,5872.245598
99.244603,60,5876.015836
98.058684,97,5881.584578
98.233994,107,5887.94103
98.843599,97,5893.865485
99.104508,72,5898.483748
98.881209,81,5903.369193
98.533659,83,5908.415245
98.753896,93,5913.982374
99.125179,72,5918.529176
98.281231,92,5923.941738
98.866405,69,5928.413577
99.058316,72,5932.760558
98.971768,82,5937.669747
98.151048,97,5943.383058
98.770979,129,5950.807438
98.970715,80,5956.075404
98.801405,80,5961.027545
98.518384,88,5966.256319
98.288718,97,5972.008937
98.584671,75,5976.758595
98.292786,104,5982.870721
98.620585,90,5988.425052
99.21397,64,5992.5443
98.572088,105,5998.55556
98.834981,80,6003.669262
98.919022,70,6008.051125
98.266597,90,6013.379526
98.633311,83,6018.49545
98.356418,92,6024.01612
98.145301,105,6030.203493
93.808531,192,6040.8745
98.908832,90,6047.024244
98.832004,77,6051.82321
98.115878,95,6057.450133
98.70426,84,6062.635015
99.175743,59,6066.516888
98.647834,87,6071.618323
99.1374,66,6075.809774
98.466864,96,6081.401638
98.226995,93,6087.007785
99.260815,63,6091.12144
98.15314,112,6097.451828
97.739543,115,6104.293873
98.573893,92,6109.975852
98.045858,97,6115.784597
98.367414,91,6121.312254
99.07319,71,6125.831226
98.559374,84,6130.77839
98.21865,93,6136.3452
98.263852,88,6141.683419
98.359572,92,6147.196255
97.975372,103,6153.283678
98.911321,82,6158.619075
98.898412,71,6163.137988
98.702275,77,6167.934857
99.120351,65,6172.061812
-4.174434,200,6182.923386
98.695099,76,6188.659211
98.966958,77,6193.388895
98.74298,104,6199.514663
98.416248,78,6204.5673
-3.647821,200,6215.463269
99.027374,69,6220.660184
98.257156,100,6226.439781
98.31891,95,6232.218357
99.141958,71,6236.839248
98.040326,93,6242.370446
98.308369,85,6247.598938
97.846926,97,6253.418354
99.252953,63,6257.639229
98.643124,84,6262.591655
98.223781,88,6267.917878
98.561053,98,6273.784921
98.671548,90,6279.347722
99.105537,61,6283.355247
97.862961,104,6289.275262
98.976168,69,6293.789587
98.416158,91,6299.087612
99.487112,47,6302.420638
98.836014,80,6307.032917
98.635503,92,6312.497242
98.715043,87,6317.763913
98.688615,84,6322.899159
97.899577,101,6328.830844
98.299126,84,6334.026715
99.009459,83,6339.093531
99.480782,56,6342.845745
98.284171,94,6348.31384
98.372984,81,6353.333891
98.546597,96,6359.020495
98.617442,97,6364.863836
98.130584,100,6370.852548
98.717868,91,6376.40433
98.578125,83,6381.494102
98.522926,92,6386.990573
98.657266,76,6391.722119
98.411141,93,6397.181312
98.948422,68,6401.545471
98.984456,79,6406.260587
98.287788,104,6412.274544
98.260451,86,6417.61652
98.484826,79,6422.437355
98.368956,86,6427.552018
98.686555,81,6432.464133
98.523268,86,6437.646859
98.185607,86,6442.8155
98.099582,94,6448.808872
99.1017,63,6453.771208
99.049874,69,6458.093723
98.502943,83,6463.167473
98.380571,85,6468.735434
98.885533,72,6473.604186
98.727275,84,6478.73249
98.732481,76,6483.807899
98.801569,85,6488.977013
98.505293,82,6494.07038
98.165602,90,6499.548699
98.652587,89,6505.005886
98.395726,94,6510.639454
99.087496,62,6514.718669
98.125289,92,6520.084622
98.309158,81,6525.107446
98.748554,74,6529.809078
99.322244,56,6533.484555
97.537385,101,6539.263868
98.329491,86,6544.553364
98.793739,77,6549.370823
98.433838,82,6554.388116
98.753339,80,6559.301416
98.972599,69,6563.618318
98.866819,76,6568.235205
99.22331,61,6572.100126
97.973027,95,6577.605015
98.766453,80,6582.562401
98.581762,93,6588.075203
97.556975,101,6594.035723
98.374929,79,6599.027267
98.249735,86,6604.189878
98.523952,81,6609.321621
98.028165,91,6614.749208
98.584276,81,6619.718542
97.800481,102,6625.689586
98.743462,73,6630.315111
98.954274,63,6634.239194
98.473778,85,6639.262038
98.509707,92,6644.733394
98.357297,87,6650.008275
98.455459,81,6654.941221
97.829595,102,6660.880714
98.672946,81,6665.910407
98.726723,75,6670.507013
97.864894,93,6676.202276
98.969002,82,6682.432844
98.549429,76,6687.393452
99.298677,64,6691.679899
98.461877,93,6697.279145
98.939808,66,6701.843203
98.300266,94,6707.516185
99.253694,61,6711.770924
98.581723,83,6716.850886
98.261978,93,6722.492271
98.477897,87,6727.867964
98.422748,89,6733.277638
98.294368,97,6739.114416
98.230688,88,6744.583386
98.804258,86,6749.854907
98.478223,91,6755.354565
98.718247,77,6760.190903
98.335056,83,6765.207841
98.347667,106,6771.450633
99.163134,63,6775.724784
98.252573,101,6781.539745
98.015309,105,6787.973332
99.032624,63,6792.198288
98.259138,81,6796.961438
98.361536,87,6802.256552
98.406685,83,6807.3147
98.641394,97,6813.06878
-6.041474,200,6824.356459
-1.389923,200,6836.632494
98.644657,68,6841.839925
98.392284,81,6846.715125
98.789014,74,6851.254659
98.42908,76,6855.994144
98.474326,84,6861.051799
98.174593,90,6866.453912
98.533717,87,6871.711242
98.325514,128,6879.042573
98.886422,87,6884.611256
98.281804,82,6889.809977
98.945971,75,6894.468494
98.11059,97,6900.211762
98.554386,91,6905.904016
98.159953,110,6912.480031
98.550892,88,6918.091678
98.303604,112,6924.63515
98.862439,66,6929.167679
98.542751,88,6934.380882
98.870102,79,6939.590575
98.569968,89,6944.865942
98.262793,101,6950.822946
99.563182,40,6953.913543
98.304611,98,6959.569195
98.652008,95,6965.545434
98.656992,83,6970.712043
98.230575,86,6975.912242
98.465466,76,6980.662985
98.684768,86,6985.815135
98.654084,82,6990.818524
99.077084,61,6994.81881
98.993943,83,6999.777415
98.676146,85,7004.936874
99.248177,63,7008.9181
97.84886,94,7014.385107
98.054507,89,7019.823384
99.108445,64,7024.221726
99.438826,46,7027.473903
98.251523,88,7032.482332
97.984202,97,7038.375825
97.945127,97,7044.494039
98.459493,97,7050.350972
98.012235,95,7056.070861
98.886044,67,7060.625555
98.290137,85,7065.846347
98.505044,81,7070.808053
99.530962,42,7073.984542
98.436419,83,7078.776837
98.708297,89,7084.167847
98.262168,83,7089.2283
98.620422,101,7095.137549
98.76856,98,7101.256964
97.935678,98,7107.231771
98.13209,96,7113.000478
98.445914,87,7118.327233
98.265536,98,7124.173874
98.619361,75,7128.935924
98.738424,92,7134.412095
98.049316,98,7140.493572
99.140819,61,7144.762359
98.127696,109,7150.960801
98.677382,80,7156.198868
98.791171,75,7160.785802
98.213439,85,7165.917777
98.672208,80,7170.806454
98.5114,103,7176.824
98.36954,87,7182.230428
99.019313,63,7186.343157
98.19479,111,7192.663589
98.472282,82,7197.851815
98.981482,65,7201.967303
98.411087,96,7207.639267
98.348563,92,7213.322595
99.233482,64,7217.549284
98.271422,96,7223.235718
98.889768,86,7228.609446
99.339901,88,7234.392147
98.651815,78,7239.20069
97.975279,96,7244.865516
98.476837,83,7249.987235
99.170045,60,7253.908236
98.547928,83,7258.902028
98.782541,78,7263.713153
97.200758,130,7271.23124
97.836888,116,7278.278505
98.312614,85,7283.816842
99.327119,53,7287.359739
98.984787,74,7291.80002
98.443367,91,7297.156386
98.629599,72,7301.80048
98.885291,68,7305.972813
98.950642,67,7310.148616
98.706658,76,7314.794999
98.980892,63,7318.972432
98.748002,89,7324.340329
98.050768,138,7332.200957
98.566026,72,7337.117931
98.832569,74,7341.642619
98.614884,82,7346.682194
98.346063,90,7352.028076
98.403075,85,7357.220701
98.007041,107,7363.487981
98.544667,90,7369.044341
98.032697,101,7375.205885
99.012092,64,7379.384604
99.449808,56,7382.973466
98.501472,81,7387.735054
98.353019,80,7392.675613
98.90564,69,7397.003508
98.63203,102,7402.990726
98.841744,83,7408.224916
97.916151,117,7415.045386
98.834118,78,7420.02014
99.181843,60,7423.821633
98.853004,70,7428.105652
98.463661,94,7433.667109
98.408009,80,7438.569907
98.480119,93,7444.130672
98.482766,91,7449.775983
98.292287,86,7454.9954
98.55755,102,7460.980011
99.11642,59,7465.071152
97.946528,94,7470.500823
98.557287,88,7475.866089
98.505723,86,7481.109417
98.528648,76,7485.815612
99.366361,54,7489.332788
99.242639,57,7493.103574
98.251112,102,7499.479153
98.833564,67,7503.943559
98.235429,85,7508.980935
99.09626,76,7513.637177
99.4035,52,7517.050596
98.139097,115,7523.427714
98.843666,70,7527.958553
98.889781,75,7532.652636
98.262342,109,7538.962938
98.251432,91,7544.528204
98.381623,93,7550.082369
98.641479,96,7555.79804
98.942139,68,7560.085702
97.972402,101,7565.921417
98.572371,76,7570.73007
98.675198,82,7575.627212
98.380951,79,7580.420895
99.059012,62,7584.331956
98.435989,92,7589.636853
98.826988,80,7594.591721
98.728073,71,7599.00059
98.098563,88,7604.209247
98.963616,71,7608.678677
98.176903,92,7614.04938
98.269993,84,7619.25865
98.817617,79,7624.104683
99.365934,55,7627.766122
98.409955,90,7632.932526
99.032573,63,7637.05018
98.328442,91,7642.348413
98.272402,83,7647.412639
98.447353,87,7652.664945
99.038788,64,7656.816338
98.265145,92,7662.251695
98.529795,80,7667.154076
98.452651,95,7672.758568
98.864824,78,7677.57965
98.025029,97,7683.302396
97.937687,104,7689.518897
98.769406,70,7694.110422
98.666832,73,7698.543928
98.131089,88,7703.790778
98.630922,77,7708.619809
98.699723,73,7713.100056
99.396475,54,7716.678114
97.876811,118,7723.278528
99.123354,60,7727.394195
98.085628,89,7732.586984
98.579569,84,7737.713191
98.940164,70,7742.147717
98.137967,107,7748.282401
98.60287,84,7753.52219
98.460052,102,7759.534304
98.920868,70,7764.128742
98.382353,96,7769.738047
98.462698,90,7775.187568
98.80999,69,7779.585938
99.443744,50,7782.87007
98.614018,77,7787.381703
98.541806,96,7793.05277
98.412443,91,7798.687853
98.780662,69,7803.12596
98.896494,67,7807.290832
99.116866,60,7811.07702
98.389535,88,7816.214993
99.331308,57,7820.052426
98.971302,78,7824.621288
98.793673,84,7829.71744
99.453748,49,7833.041507
98.195308,88,7838.116832
98.774629,78,7843.002497
99.232677,59,7846.849799
99.053735,65,7850.802336
98.206034,88,7855.990569
99.291104,52,7859.771609
98.879989,83,7864.608895
97.192609,149,7873.027843
99.31859,58,7877.252722
98.393696,83,7882.165318
98.360172,84,7887.322057
98.362473,97,7893.040773
98.509843,83,7898.176706
99.45114,51,7901.604028
98.702049,75,7905.988837
98.707502,92,7911.427647
99.033439,71,7915.939778
98.25983,97,7921.573599
98.674899,84,7926.754394
98.043031,115,7933.368828
98.505247,95,7939.236567
98.507536,105,7945.487718
98.812546,72,7950.110466
99.154142,71,7954.444618
98.795107,71,7958.832331
98.519315,87,7963.969012
99.474564,50,7967.378198
98.689261,91,7972.593394
98.560098,88,7978.112007
98.645073,84,7983.306825
98.039948,92,7988.820553
98.468531,99,7994.791656
98.004759,116,8001.60921
98.866816,71,8006.310056
99.153096,80,8011.160402
98.458516,88,8016.402069
98.184654,91,8021.894439
98.589635,76,8026.68468
99.076414,63,8030.735472
98.439016,81,8035.597598
98.50694,100,8041.558534
98.490657,82,8046.623404
98.706233,82,8051.625693
98.58679,79,8056.552513
98.81914,85,8061.896744
98.751658,88,8067.182841
98.8762,77,8071.899982
99.208448,62,8075.864399
98.95942,75,8080.471144
98.740626,80,8085.358225
98.979664,64,8089.462991
99.017093,65,8093.462016
99.200753,57,8097.094201
98.598422,95,8102.578432
98.908509,68,8107.012213
98.034948,91,8112.355033
99.136952,60,8116.319247
98.235974,88,8121.390296
98.693384,92,8126.846049
98.871134,70,8131.299639
98.861927,87,8136.502338
98.585669,75,8141.354529
98.040281,92,8146.791228
98.591519,74,8151.514827
98.255087,81,8156.512614
99.092856,70,8160.897052
98.491868,77,8165.620573
98.140734,81,8170.664441
98.383954,92,8176.447456
99.006875,67,8180.744562
98.283055,97,8186.417361
98.522967,101,8192.725868
98.42848,82,8198.297205
98.915361,68,8202.602392
98.923283,67,8206.82237
98.957218,76,8211.393793
98.870568,85,8216.615285
98.909282,69,8221.361025
97.695981,112,8227.818012
98.125835,84,8233.221035
99.263275,49,8237.342046
99.14514,60,8240.990905
98.122222,104,8247.052596
98.704064,94,8253.527299
98.564621,78,8258.481394
98.17959,89,8263.962397
98.826413,85,8269.179146
98.92838,66,8273.389305
98.633396,89,8278.785957
98.068029,94,8284.954014
99.139417,69,8289.392606
98.020375,114,8295.909443
98.512648,80,8301.041158
98.79749,68,8305.292637
98.672432,72,8309.676754
98.218594,81,8314.581632
98.155573,93,8320.300072
99.14823,76,8325.107324
98.972975,81,8330.026996
98.50099,86,8335.240732
99.198424,64,8339.508396
99.12423,60,8343.452002
99.423227,49,8346.801813
97.137853,143,8354.835437
98.583505,81,8360.154473
98.273653,93,8365.685719
98.772132,94,8371.496961
98.668987,80,8376.491433
98.820186,73,8380.997657
98.171786,95,8386.548275
98.587638,75,8391.27243
98.53617,87,8396.445234
98.250169,82,8401.674867
98.683685,79,8406.743308
98.739387,72,8411.350545
98.43385,79,8416.365927
99.399003,50,8419.752484
98.141262,86,8424.702919
98.861108,92,8430.290729
98.616255,90,8435.783813
98.93123,67,8440.080199
98.651288,95,8445.573913
98.895615,76,8450.312427
99.298758,56,8453.979228
98.757587,73,8458.340552
98.200779,95,8463.970782
99.071586,60,8467.99959
98.605289,77,8472.572082
99.068852,67,8477.688771
98.317263,83,8482.656502
98.838951,68,8486.941095
98.728354,92,8492.288989
98.855427,73,8496.878932
99.414459,53,8500.372563
98.167492,92,8505.634327
98.272032,86,8510.896744
98.853359,71,8515.363745
98.471673,79,8520.072368
98.805973,80,8524.902269
98.919308,74,8529.459217
97.946904,91,8534.797572
98.93077,78,8539.650131
98.924288,72,8544.114857
98.063322,88,8549.305976
99.050001,64,8553.608634
98.527449,92,8559.018958
98.195892,90,8564.460897
98.736337,80,8569.43949
98.093347,94,8575.110137
98.966829,68,8579.485217
98.840124,72,8583.880122
98.277917,85,8588.939909
98.338707,78,8593.776266
98.620892,78,8598.516624
98.336599,83,8603.524314
98.767017,77,8608.293954
98.116694,88,8613.542498
99.065812,64,8617.627574
98.122779,90,8622.852635
98.698377,81,8627.914502
98.62359,98,8633.95427
98.66946,73,8638.562515
98.911029,76,8643.183883
98.67921,84,8648.201323
98.259709,98,8654.053694
99.446297,47,8657.480167
98.111177,94,8662.821099
97.91119,91,8668.267843
-6.328792,200,8679.192541
98.604343,68,8684.399408
98.024238,91,8689.802849
98.819648,78,8694.613531
97.769459,95,8700.219345
98.339127,86,8705.558442
98.154288,89,8710.949945
98.478313,77,8715.702302
99.297477,56,8719.321089
97.945635,91,8724.532448
98.621894,90,8729.946248
98.761205,81,8734.903842
98.273423,96,8740.576037
98.947458,65,8744.759816
98.359019,82,8749.575893
98.452815,99,8755.398483
98.453607,89,8760.824648
98.796322,72,8765.353706
98.990366,76,8769.95169
99.055871,67,8774.100602
98.012712,95,8779.66632
98.077643,84,8784.829632
98.747061,90,8790.308925
98.666363,80,8795.209983
98.163233,87,8800.40494
98.468878,82,8805.415858
98.201884,89,8810.714587
98.756005,74,8815.294885
98.418872,84,8820.28991
99.094199,70,8824.696378
98.733326,80,8829.484776
98.934728,63,8833.558642
98.353867,89,8838.794123
98.510729,96,8844.565599
99.093635,71,8849.082959
98.670015,88,8854.333676
98.903766,82,8859.328138
98.540293,80,8864.293351
99.249634,56,8868.005279
98.690128,70,8872.245636
99.029031,64,8876.245599
98.771064,81,8881.08844
98.514878,78,8885.796302
98.467805,94,8891.309909
99.214649,67,8895.567852
98.491422,81,8900.419642
98.281805,95,8905.992121
97.961199,94,8911.716769
98.598809,74,8916.429191
98.835628,78,8921.115902
99.066719,67,8925.275544
98.430919,82,8930.108782
98.72639,69,8934.519257
98.506052,79,8939.470057
98.662445,95,8945.096443
99.577641,41,8948.274894
98.214282,98,8953.926514
98.405055,77,8958.751618
98.594427,105,8964.857537
98.495005,93,8970.536896
98.441469,85,8975.825738
98.858938,82,8980.826051
98.522314,79,8985.702237
98.508617,103,8991.893647
99.442783,50,8995.46148
98.390164,81,9000.482707
98.476638,76,9005.469303
98.214825,86,9010.615072
99.026117,68,9014.956569
99.124984,64,9018.910836
98.64396,101,9024.730533
98.55758,78,9029.581981
98.875077,70,9034.040591
98.846129,76,9038.695166
98.523686,84,9043.878686
98.754818,86,9049.211022
98.180559,88,9054.631558
97.74986,111,9061.074619
98.213356,90,9066.66593
98.240971,87,9071.959685
97.757244,109,9078.562273
99.124415,63,9082.764894
99.291453,66,9086.784058
99.280534,60,9090.615218
98.681357,107,9096.679625
98.319408,93,9102.361002
98.554544,81,9107.403425
98.467916,93,9112.901089
98.022794,96,9118.621574
98.952887,77,9123.617201
98.933526,89,9128.853656
98.821142,89,9134.363684
98.657231,72,9138.918196
98.245736,98,9144.632555
99.361096,58,9148.504411
98.799611,70,9152.703578
99.362635,50,9156.058659
98.811521,74,9160.468165
98.653853,78,9165.189597
98.577385,73,9169.737249
98.591741,103,9175.685718
98.240977,90,9181.230472
98.740309,81,9186.207259
97.872813,103,9192.231646
98.635123,78,9197.139656
98.074561,95,9202.733936
98.715543,85,9207.92825
98.196377,91,9213.360005
98.501379,100,9219.323111
99.095815,66,9223.586904
98.971,91,9228.971605
98.252362,81,9234.08226
99.031997,63,9238.112476
98.302846,83,9243.079475
98.260806,95,9248.874958
98.609471,102,9255.096733
98.359424,92,9260.998086
98.756322,78,9265.935783
98.027235,95,9271.604633
99.025321,60,9275.77306
98.572156,77,9280.338688
98.34577,97,9286.073443
97.805571,108,9292.526671
98.465005,95,9298.361698
98.783459,73,9303.064249
98.224893,96,9308.77209
98.592466,73,9313.417373
98.527154,99,9319.212913
98.195952,90,9324.709473
98.592873,74,9329.307502
98.647451,81,9334.156884
99.221651,56,9337.816481
97.978319,100,9343.495341
98.699674,94,9349.25436
98.735244,72,9353.807423
98.946284,75,9358.384426
97.986657,90,9363.770369
99.134503,58,9367.668031
97.828138,105,9373.638252
98.487908,83,9378.807224
98.779477,71,9383.205646
99.163178,57,9386.87614
98.421028,100,9392.563811
97.887528,109,9399.11054
99.356308,58,9403.149853
98.672313,89,9408.298532
98.12061,106,9414.540276
98.786816,68,9418.981942
99.295231,60,9422.78983
99.197044,65,9426.747237
98.082326,88,9431.909949
98.162072,87,9437.211643
98.609519,75,9441.842171
99.304101,56,9445.469533
98.375865,90,9450.66486
99.142345,62,9454.755055
99.244979,55,9458.228414
99.273824,54,9461.601765
97.554839,104,9467.459747
98.596293,89,9472.936772
98.519464,78,9477.831553
98.821963,81,9482.760378
98.280062,100,9488.637905
98.564894,93,9494.442646
98.317458,93,9500.04291
99.384409,50,9503.527333
98.22402,96,9509.071129
98.567761,80,9514.026901
98.928355,65,9518.166158
98.599234,94,9523.58381
99.295614,51,9527.094164
98.559068,99,9532.697092
99.033766,60,9536.716798
98.322549,98,9542.28691
98.575336,72,9546.905881
98.401365,91,9552.249383
98.319656,81,9557.274197
98.186276,92,9562.874784
99.15243,66,9567.200814
98.917391,74,9571.667866
99.350391,54,9575.59807
98.583723,70,9580.405252
98.923944,75,9584.96827
98.614855,86,9590.121191
98.367361,95,9595.782722
98.191593,82,9600.865684
99.223601,56,9604.525127
98.127841,84,9609.396296
98.419128,93,9614.915674
98.379763,79,9619.87046
98.800184,79,9624.796451
98.876794,67,9629.042902
98.555355,99,9634.820079
97.708487,105,9641.078362
98.310028,95,9646.901322
99.257472,55,9650.678043
99.049468,60,9654.376759
98.580686,74,9658.864038
98.353586,94,9664.388102
99.163739,60,9668.374575
98.240349,100,9674.129385
98.138121,95,9680.007256
98.373502,84,9685.435782
97.987011,110,9691.88631
99.287002,61,9696.080868
99.21421,58,9699.747669
98.48666,80,9704.585446
98.391233,85,9709.692744
98.388809,82,9714.711348
99.33123,53,9718.420643
98.453559,79,9723.041976
98.591091,90,9728.456547
99.434314,49,9732.109514
98.824123,70,9736.304164
98.758112,80,9741.10764
98.998613,67,9745.281857
98.566824,92,9750.684376
98.59595,94,9756.298515
98.659007,74,9761.052222
98.899937,69,9765.41147
98.706694,80,9770.177272
98.870753,69,9774.463852
98.940635,75,9778.974568
97.648857,97,9785.016639
98.894814,74,9789.733822
98.652632,81,9795.074271
99.347049,57,9798.862015
98.235629,81,9803.603211
99.234739,59,9807.514613
99.334533,55,9811.000294
98.857424,92,9816.358285
98.556016,83,9821.563059
98.290953,87,9826.788161
98.08342,106,9833.021088
98.408485,83,9838.353807
99.539742,45,9841.672686
98.125471,122,9848.437237
98.941145,70,9853.21905
98.249775,81,9858.308433
98.535862,73,9862.933838
98.920883,64,9867.292314
96.874648,173,9876.773208
98.521437,81,9882.577359
98.216377,94,9888.206947
98.108802,93,9893.899241
98.855072,70,9898.357748
98.551047,78,9903.112502
98.965026,73,9907.749034
98.620316,75,9912.382501
98.313835,104,9918.710983
98.50693,88,9924.145305
99.021746,69,9928.558105
99.017277,69,9932.816048
98.538732,106,9938.96557
97.930598,113,9945.772618
98.43965,75,9950.608861
98.713568,74,9955.134414
98.814129,69,9959.368524
99.397743,50,9962.640761
98.791769,73,9967.42364
99.146448,65,9971.878677
98.500334,83,9976.822248
98.751769,71,9981.249826
98.882494,69,9985.46023
97.880613,92,9990.851073
98.507931,82,9995.902961
98.225287,84,10000.999203
98.521152,86,10006.163176
97.549086,132,10013.668307
97.988214,87,10019.232964
97.584882,119,10026.099511
98.570233,90,10031.718465
98.640254,82,10036.731603
98.481415,85,10041.992947
98.273332,84,10047.079546
98.376498,81,10052.021884
99.149515,64,10056.2422
98.578432,75,10060.79176
98.35658,79,10065.570588
98.487154,77,10070.255967
98.148926,103,10076.25615
98.580658,80,10081.305356
98.179618,86,10086.495689
-7.839165,200,10097.423907
98.716634,64,10102.290428
98.173601,86,10107.349037
97.982775,112,10113.840892
98.679773,78,10118.779135
99.415665,53,10122.27577
98.685983,77,10126.798627
98.640836,82,10131.673307
98.488174,91,10137.098165
98.003269,95,10142.765163
99.170937,67,10147.054021
98.153587,83,10151.918317
98.578955,73,10156.495226
98.628992,77,10161.149656
98.327509,91,10166.538628
99.22973,58,10170.359154
98.625737,75,10174.813338
99.188484,71,10179.177248
98.412381,81,10183.956223
98.563278,94,10189.49862
98.8563,72,10193.993775
98.609296,85,10199.025414
99.034336,63,10203.039134
98.166032,87,10208.11359
99.439194,48,10211.34997
98.654578,88,10216.387566
98.246184,94,10221.923448
98.723829,73,10226.447982
98.668835,84,10231.397083
97.856256,99,10237.192262
99.006611,76,10241.881651
98.846922,73,10246.288026
98.571074,87,10251.43236
99.402138,47,10254.618364
97.654616,103,10260.397567
99.184739,66,10264.617567
98.678507,72,10268.920711
97.136513,125,10275.971692
99.309523,63,10281.714551
99.055136,80,10286.414441
99.046128,66,10290.539626
99.156039,58,10294.236693
98.151058,104,10300.102688
99.073629,62,10304.152119
98.782978,67,10308.207063
98.629376,74,10312.620342
98.466956,80,10317.384609
98.104781,89,10322.691825
98.382623,92,10328.153409
98.216686,84,10333.311047
98.300137,80,10338.116663
98.664313,76,10342.710114
98.579442,76,10347.262212
98.196533,90,10352.60093
98.92342,78,10357.367498
98.648692,84,10362.358134
98.377633,95,10367.988877
98.078872,92,10373.47063
98.617433,74,10378.020648
99.215813,64,10382.006924
98.30308,84,10386.87056
98.327987,97,10392.536132
99.208824,66,10396.72456
98.972511,75,10401.177181
99.00902,75,10405.679525
97.507801,105,10411.675042
98.521218,85,10416.898402
98.350223,92,10422.297707
98.684467,83,10427.310393
98.607702,87,10432.470673
98.827178,70,10436.798198
98.465274,81,10441.574413
99.071153,75,10446.133987
98.510199,91,10451.454564
98.659426,83,10456.502584
98.659463,83,10461.484642
99.001928,64,10465.494102
98.407819,80,10470.191543
98.749049,69,10474.492605
98.626162,84,10479.452333
98.228743,81,10484.441374
98.375644,110,10490.854495
98.861146,77,10497.352086
98.937198,65,10501.439584
98.951255,87,10506.839506
98.34281,97,10512.699681
98.533598,95,10518.605076
98.214074,94,10524.455486
98.595516,78,10529.643978
98.490366,88,10534.833461
98.290077,91,10540.659333
99.119097,70,10545.261551
98.000649,96,10550.838682
98.744296,85,10556.1021
98.810754,73,10560.62792
98.185117,88,10565.796966
99.039906,62,10569.885346
98.108487,86,10574.873303
98.950209,66,10578.973251
98.578889,85,10583.861818
98.849732,78,10588.661115
99.139979,71,10593.160889
99.130981,56,10596.836433
97.963729,94,10602.196202
98.464385,87,10607.373177
98.029388,88,10612.587225
98.84558,69,10616.818065
98.656012,81,10621.570759
98.594533,92,10626.90506
98.609647,75,10631.540643
98.834074,74,10635.944041
98.091769,103,10641.779083
97.879473,101,10648.005291
99.039233,62,10651.976304
99.224671,55,10655.359305
99.233501,61,10658.991978
98.290785,89,10664.087291
98.252848,101,10669.977087
98.40559,75,10674.758636
98.522509,81,10679.494548
98.797749,73,10683.866668
98.920328,78,10688.533484
97.928781,96,10694.194695
98.923632,68,10698.563517
98.64648,78,10703.236492
98.437894,84,10708.221612
98.133857,90,10713.493804
99.084155,62,10717.378564
98.671318,91,10722.563462
98.054307,91,10727.906919
99.150768,62,10731.863141
98.27888,99,10737.472195
98.879162,69,10741.838028
98.788618,72,10746.189032
98.844365,84,10751.142266
98.11061,93,10756.573886
98.561694,75,10761.177938
99.026686,62,10765.053566
99.054837,63,10768.870949
97.945769,98,10774.45086
98.399884,82,10779.37968
98.026792,93,10784.830633
98.28001,89,10790.215102
98.648313,86,10795.621721
97.928557,94,10801.169943
98.74264,78,10806.108648
98.534372,81,10811.03011
98.499626,72,10815.690087
98.504614,93,10821.105984
99.284532,53,10824.740472
98.239917,86,10829.828539
98.970066,68,10834.229851
98.479788,76,10838.736382
98.929925,69,10842.950152
98.068222,84,10847.890286
98.38552,84,10852.895823
98.779694,82,10857.823035
97.950116,96,10863.497139
99.268215,58,10867.295704
98.211529,90,10872.428291
98.493613,72,10876.891033
99.368811,50,10880.12786
98.622713,106,10886.23753
98.180621,86,10891.576528
98.459547,82,10896.531459
98.312494,82,10901.536987
98.814391,67,10905.797081
97.863489,100,10911.563897
98.792088,68,10915.917339
98.873717,80,10920.677498
98.631873,77,10925.343963
98.509932,91,10930.688108
98.758417,82,10935.630399
98.447353,81,10940.495531
98.584242,78,10945.209021
98.243629,85,10950.290254
98.973979,68,10954.550694
98.841563,80,10959.309773
98.385109,95,10964.884906
98.364575,90,10970.291348
98.122819,86,10975.466572
98.181136,100,10981.323829
99.028442,70,10985.723485
98.710695,76,10990.442153
99.228259,56,10994.053653
99.327311,56,10997.545655
99.128026,63,11001.334833
98.31992,83,11006.188668
97.739285,124,11013.189484
98.922864,75,11018.038165
99.064419,61,11021.8973
98.720915,72,11026.16913
98.443271,81,11030.980633
98.078748,84,11035.99824
98.869222,67,11040.1402
97.623816,112,11046.422359
98.621821,80,11051.408975
98.473001,79,11056.193812
98.323917,103,11062.121579
98.21836,89,11067.532025
98.623878,88,11072.828682
99.399204,56,11076.536759
98.849066,77,11081.162844
98.552002,75,11085.723841
99.3694,49,11089.022091
99.092035,65,11092.991525
98.658667,77,11097.607246
97.397435,110,11103.890377
98.617608,72,11108.533641
98.695921,71,11112.87263
98.100463,91,11118.197314
98.424372,84,11123.241249
98.193045,93,11128.747526
98.804906,79,11133.645542
99.010282,61,11137.597499
98.991747,63,11141.496561
98.815167,74,11145.914155
99.162176,70,11150.289259
98.061547,94,11155.788115
98.402951,77,11160.539252
98.700752,76,11165.23011
98.867297,74,11169.729428
98.211882,83,11174.699656
98.564312,74,11179.213557
98.778425,67,11183.297907
99.006531,72,11187.629198
98.875882,73,11192.048123
98.936556,67,11196.219013
98.313494,79,11200.908074
98.958235,68,11205.198575
98.369456,80,11209.934201
99.222535,57,11213.629749
98.927529,72,11217.901534
98.911032,65,11221.906704
98.474415,98,11227.485088
99.225867,63,11231.569741
98.539393,90,11236.819415
98.56495,85,11242.064574
98.863451,67,11246.345499
98.351409,79,11251.018687
98.76495,70,11255.285085
98.758149,69,11259.483039
98.694123,78,11264.226321
98.883264,85,11269.32367
98.375805,84,11274.446657
98.561951,77,11279.150797
99.120902,61,11283.028861
98.24729,82,11287.882633
99.054382,68,11292.184961
98.750779,89,11297.353873
99.42331,47,11300.683696
98.632838,80,11305.354403
98.378804,96,11310.990525
98.839409,66,11315.239004
99.228876,74,11319.788513
98.601268,72,11324.263171
98.457404,107,11330.383053
98.670418,95,11336.102052
97.998643,94,11341.688039
98.985985,67,11345.934545
99.331187,51,11349.193129
98.248316,84,11353.983984
98.321577,91,11359.400577
99.323581,50,11362.791904
98.567686,85,11367.658389
98.393316,78,11372.481707
97.884894,93,11377.93413
97.204786,107,11384.154112
98.362188,79,11389.107014
98.844032,95,11394.69588
98.233466,84,11399.833433
98.512329,78,11404.601462
99.423272,48,11407.809553
98.665826,93,11413.150589
98.577176,95,11418.871439
98.536675,94,11424.52655
98.232104,93,11430.172372
98.446826,84,11435.265498
98.971279,63,11439.204265
98.271223,90,11444.423017
98.239021,93,11449.97019
98.719674,88,11455.331106
98.984507,70,11459.737617
98.31063,91,11465.023926
98.814081,68,11469.279886
98.889096,86,11474.323471
97.936968,91,11479.757928
98.532767,92,11485.228625
99.07067,61,11489.295751
98.820948,67,11493.392727
98.612393,89,11498.589359
98.850084,71,11503.06621
98.603443,73,11507.486578
98.889834,66,11511.81971
99.19039,55,11515.387409
98.537392,77,11519.986214
98.778346,75,11524.555868
98.636354,79,11529.405065
99.204516,72,11533.840973
98.292053,86,11538.917408
98.421121,88,11544.171189
97.981196,95,11549.821356
98.212277,99,11555.728083
98.206876,82,11560.797491
98.125075,94,11566.335928
98.580634,74,11571.008171
99.109982,61,11574.969497
98.751968,86,11579.997289
98.979772,76,11584.742685
98.609885,74,11589.303858
98.511241,83,11594.226914
98.246196,109,11600.557837
99.099474,66,11604.892358
98.721984,71,11609.238349
97.737824,96,11614.88331
98.581285,75,11619.740397
98.395925,92,11625.239687
98.024624,89,11630.669796
99.042116,59,11634.52887
98.052567,87,11639.580611
99.005616,62,11643.610123
98.682203,79,11648.334443
98.195394,83,11653.372865
98.667716,73,11657.894332
98.772113,94,11663.392002
98.354942,82,11668.464337
98.428328,88,11673.715025
99.013081,65,11677.867149
99.421377,49,11681.028493
98.252217,86,11685.950681
98.43825,85,11691.098697
99.503743,44,11694.1903
99.071236,74,11698.485768
98.046126,102,11704.467953
98.67639,79,11709.422093
98.424534,85,11714.635789
98.518439,77,11719.366716
98.481663,78,11724.14643
98.394284,92,11729.588668
98.925223,67,11733.89094
98.45893,79,11738.618402
98.424654,78,11743.390294
98.638503,73,11747.848528
98.872052,65,11751.950466
99.415415,49,11755.157422
98.691061,74,11759.52264
98.454259,78,11764.2699
99.462829,46,11767.366065
98.445646,88,11772.404456
98.696869,77,11777.184587
98.405119,83,11782.114367
98.308736,93,11787.649426
99.34879,50,11791.069695
98.08051,93,11796.374943
98.426184,96,11802.138563
98.204611,87,11807.460579
98.50047,83,11812.531118
98.372134,114,11819.148118
98.596517,74,11823.918674
99.322852,53,11827.359026
98.304963,84,11832.209837
98.832962,82,11837.195853
99.018239,63,11841.253834
98.372783,80,11846.009475
99.237197,55,11849.637772
99.054412,63,11853.48709
98.509672,84,11858.442179
98.291624,88,11863.790562
98.221896,85,11869.046153
98.680188,80,11874.496515
98.367836,87,11879.947674
97.854507,101,11886.063254
98.546675,86,11891.391267
99.061858,77,11896.10075
98.772681,69,11900.393827
98.150215,87,11905.589246
99.120997,67,11909.821455
98.134627,98,11915.510976
98.294646,91,11921.091837
98.340674,86,11926.3412
98.555049,99,11932.222406
99.250312,50,11936.07852
98.161944,87,11941.0896
98.446017,87,11946.402199
99.121754,57,11950.170625
98.864685,66,11954.199402
98.740532,71,11958.525739
98.538732,94,11964.059177
98.968903,80,11969.049974
98.84495,82,11974.156713
99.015521,74,11978.804484
98.610405,87,11984.018687
98.965663,65,11988.186723
98.558274,90,11993.439473
98.401236,95,11999.292344
98.13369,88,12004.735668
98.652344,79,12009.745197
99.119983,58,12013.566339
97.908498,96,12019.079403
99.298606,57,12022.979104
97.553639,98,12028.678136
98.776641,76,12033.4897
99.133783,66,12037.664559
98.356357,86,12042.756567
98.325986,78,12047.544039
98.639908,93,12053.067848
99.237638,60,12057.040449
97.824376,98,12062.686281
98.677752,69,12067.108849
97.990589,93,12072.553232
98.678171,71,12077.067705
99.086193,67,12081.223958
98.360157,97,12086.945421
98.414263,81,12092.029193
98.922733,68,12096.338233
98.388572,85,12101.398223
98.04289,92,12106.904661
99.229029,62,12110.918311
99.118499,58,12114.533249
97.794751,90,12119.726342
