TOTAL REWARD,TILT,CRASH,GOAL,DISTANCEN_STEPS,DONE,ERRORE
-0.03617731097544821,-1.855613815059707e-21,0,0,-0.03617731097544821,1,False,3.617731097544821
-0.07240191579825758,-2.637229987802581e-17,0,0,-0.03622460482280936,2,False,3.6224604822809363
-0.10862656072498104,-0.013541866409526104,0,0,-0.03622464492672346,3,False,3.6224644926723464
-0.1448438509407204,-0.010568425011881022,0,0,-0.036217290215739356,4,False,3.6217290215739353
-0.18104106985735516,-0.019609228774714396,0,0,-0.036197218916634764,5,False,3.619721891663476
-0.21720569920288918,-0.08853926838705167,0,0,-0.03616462934553402,6,False,3.6164629345534025
-0.2533420433027086,-0.01564983128088966,0,0,-0.03613634409981939,7,False,3.613634409981939
-0.28945093643833436,-0.049365097979121295,0,0,-0.03610889313562575,8,False,3.6108893135625753
-0.32555317366356173,-0.0663491126376893,0,0,-0.036102237225227374,9,False,3.610223722522737
-0.36167072495059205,-0.016715066153888274,0,0,-0.036117551287030286,10,False,3.6117551287030283
-0.3978063795505382,-0.031086085872503194,0,0,-0.03613565459994619,11,False,3.6135654599946196
-0.038668769017595514,-2.946980938614878e-12,0,0,-0.038668769017595514,1,False,3.8668769017595515
-0.0773126937996036,-0.0031254454051521316,0,0,-0.038643924782008086,2,False,3.864392478200809
-0.11589216184332482,-0.010903289382170682,0,0,-0.03857946804372123,3,False,3.857946804372123
-0.15442783724564949,-0.03502026499250934,0,0,-0.038535675402324665,4,False,3.8535675402324667
-0.1928934158861311,-0.02998019302722434,0,0,-0.038465578640481606,5,False,3.846557864048161
-0.23127524481924222,-0.07106995980113155,0,0,-0.03838182893311111,6,False,3.838182893311111
-0.2696048803118347,-0.09202679736811653,0,0,-0.03832963549259249,7,False,3.832963549259249
-0.3079135544327341,-0.005041701435674237,0,0,-0.0383086741208994,8,False,3.83086741208994
-0.34623616303238003,-0.08948589636919599,0,0,-0.03832260859964594,9,False,3.8322608599645935
-0.38460363007276716,-0.09743957691973106,0,0,-0.038367467040387127,10,False,3.836746704038713
-0.42302139677177536,-0.049322620177127206,0,0,-0.03841776669900821,11,False,3.8417766699008213
-0.4614634660945194,-0.07060305802559826,0,0,-0.03844206932274405,12,False,3.844206932274405
-0.49990953934636373,-0.014599568849693278,0,0,-0.038446073251844355,13,False,3.8446073251844353
-0.5383510768900285,-0.036155680077736375,0,0,-0.03844153754366479,14,False,3.844153754366479
-0.5767869382201382,-0.04978907029649622,0,0,-0.03843586133010965,15,False,3.8435861330109646
-0.6152513617525031,-0.0454294416954281,0,0,-0.038464423532364886,16,False,3.8464423532364886
-0.6537742373376098,-0.016793491950469603,0,0,-0.03852287558510667,17,False,3.852287558510667
-0.6923294034800034,-0.018917847262207663,0,0,-0.038555166142393606,18,False,3.855516614239361
-0.7308986682776492,-0.05334704742773466,0,0,-0.03856926479764576,19,False,3.856926479764576
-0.7694460857356936,-0.07297674313894924,0,0,-0.038547417458044485,20,False,3.854741745804448
-0.8079624162733936,-0.13726938288027857,0,0,-0.03851633053770001,21,False,3.851633053770001
-0.8464724711387385,-0.1046252688944492,0,0,-0.03851005486534484,22,False,3.8510054865344836
-0.8849879961766189,-0.05257290519824985,0,0,-0.038515525037880444,23,False,3.8515525037880445
-0.9235066068054395,-0.08802090261123055,0,0,-0.03851861062882058,24,False,3.8518610628820578
-0.9620424456042685,-0.08603443724469285,0,0,-0.03853583879882901,25,False,3.853583879882901
-1.0005567070275263,-0.022155213234898073,0,0,-0.03851426142325767,26,False,3.8514261423257676
-1.0390760913292207,-0.05089193528503815,0,0,-0.0385193843016944,27,False,3.85193843016944
-1.0776056618133605,-0.06097012086233437,0,0,-0.038529570484139714,28,False,3.852957048413971
-1.1161316422016123,-0.02436151866351139,0,0,-0.03852598038825181,29,False,3.8525980388251804
-1.154671677896768,-0.03288038411952727,0,0,-0.038540035695155656,30,False,3.854003569515566
-1.1931851236311046,-0.08326616715362328,0,0,-0.038513445734336495,31,False,3.8513445734336496
-1.2316770916009232,-0.02912909951821654,0,0,-0.03849196796981859,32,False,3.849196796981859
-1.2701781980755544,-0.07589925563989496,0,0,-0.03850110647463126,33,False,3.8501106474631257
-1.3087140434280904,-0.13127763736617887,0,0,-0.038535845352535965,34,False,3.8535845352535962
-1.3472415278320702,-0.08668450499769113,0,0,-0.0385274844039799,35,False,3.85274844039799
-1.3857803685397696,-0.05654864230726246,0,0,-0.03853884070769935,36,False,3.8538840707699347
-1.4243133344954133,-0.011051252653138189,0,0,-0.038532965955643594,37,False,3.8532965955643594
-1.4628348189092335,-0.018817610366710907,0,0,-0.03852148441382015,38,False,3.8521484413820155
-1.50135930514174,-0.02939895235800295,0,0,-0.038524486232506476,39,False,3.852448623250648
-1.539883939091439,-0.014158852303699771,0,0,-0.03852463394969897,40,False,3.8524633949698965
-1.5784271894195356,-0.07417577265998693,0,0,-0.03854325032809676,41,False,3.8543250328096756
-1.6169967342197744,-0.06957862121413069,0,0,-0.03856954480023886,42,False,3.856954480023886
-1.6555498151949966,-0.038429454933087984,0,0,-0.03855308097522207,43,False,3.855308097522207
-1.6940975046477489,-0.026820022606152707,0,0,-0.03854768945275239,44,False,3.854768945275239
-1.732643649243152,-0.022103328409692934,0,0,-0.038546144595403085,45,False,3.8546144595403087
-1.7711411863956625,-0.02618269706053775,0,0,-0.038497537152510544,46,False,3.849753715251054
-1.809584874946932,-0.08075713199019517,0,0,-0.03844368855126949,47,False,3.844368855126949
-1.8480025101579132,-0.04565803855608792,0,0,-0.038417635210980974,48,False,3.8417635210980974
-1.8864049288225673,-0.04735294218406695,0,0,-0.03840241866465402,49,False,3.8402418664654023
-1.9247725818009294,-0.08730177148436953,0,0,-0.03836765297836206,50,False,3.836765297836206
-1.9631116667402881,-0.028809193270103717,0,0,-0.03833908493935871,51,False,3.8339084939358714
-2.001446363616564,-0.025706195186601506,0,0,-0.03833469687627593,52,False,3.833469687627593
-2.039807172634862,-0.07495250750864353,0,0,-0.03836080901829829,53,False,3.836080901829829
-2.0782185472254344,-0.015893052839603267,0,0,-0.03841137459057229,54,False,3.841137459057229
-2.116675032136284,-0.032182676678367945,0,0,-0.03845648491084981,55,False,3.8456484910849813
-2.155154724537304,-0.06105736498531679,0,0,-0.03847969240101994,56,False,3.8479692401019943
-2.1936632234800264,-0.08166200819841454,0,0,-0.038508498942722576,57,False,3.8508498942722578
-2.2322045329720415,-0.03905328728855259,0,0,-0.03854130949201502,58,False,3.8541309492015023
-2.2707345888544057,-0.02337945774668064,0,0,-0.038530055882364245,59,False,3.8530055882364245
-2.3092347538599243,-0.09934019636342645,0,0,-0.03850016500551854,60,False,3.850016500551854
-2.3477343433706577,-0.009570247183175586,0,0,-0.038499589510733484,61,False,3.8499589510733485
-2.3862627431812635,-0.035032416516875754,0,0,-0.03852839981060602,62,False,3.8528399810606015
-2.4248330748181175,-0.09616820735317526,0,0,-0.03857033163685385,63,False,3.8570331636853847
-2.463405777174362,-0.023701632639833256,0,0,-0.03857270235624442,64,False,3.8572702356244424
-2.501963772460864,-0.0160833538908625,0,0,-0.03855799528650192,65,False,3.8557995286501914
-2.540501425725034,-0.02215338067141142,0,0,-0.03853765326416957,66,False,3.8537653264169576
-2.5790430513276643,-0.03846663759410954,0,0,-0.0385416256026305,67,False,3.8541625602630494
-2.6176115367453026,-0.06521794806764424,0,0,-0.03856848541763822,68,False,3.8568485417638225
-2.656201138355573,-0.06150666780928222,0,0,-0.038589601610270495,69,False,3.8589601610270496
-2.6947838491410114,-0.04887989634054029,0,0,-0.03858271078543828,70,False,3.858271078543828
-2.733374312026034,-0.014587666194258931,0,0,-0.03859046288502225,71,False,3.859046288502225
-2.771975581085255,-0.031632666016996325,0,0,-0.03860126905922098,72,False,3.8601269059220984
-2.810574701035296,-0.026437979691344038,0,0,-0.0385991199500411,73,False,3.85991199500411
-2.8491402468062113,-0.04439261017126442,0,0,-0.03856554577091548,74,False,3.856554577091548
-2.8876505834858466,-0.03253348078780785,0,0,-0.03851033667963518,75,False,3.851033667963518
-2.9261323607447474,-0.09795208884312258,0,0,-0.03848177725890091,76,False,3.848177725890091
-2.964578418096157,-0.059579367360491825,0,0,-0.03844605735140968,77,False,3.8446057351409677
-3.0029412156438706,-0.09395263905071677,0,0,-0.038362797547713316,78,False,3.836279754771332
-3.041196950710372,-0.025542386736250935,0,0,-0.038255735066501366,79,False,3.825573506650137
-3.0793676238439756,-0.041409952418794846,0,0,-0.0381706731336034,80,False,3.81706731336034
-3.117484842896773,-0.017409755899061616,0,0,-0.03811721905279752,81,False,3.8117219052797515
-3.1555786269405752,-0.06643401756019712,0,0,-0.03809378404380218,82,False,3.8093784043802184
-3.1936695886275586,-0.09715913201130948,0,0,-0.038090961686983546,83,False,3.8090961686983547
-3.231778545858172,-0.014846151855249068,0,0,-0.0381089572306131,84,False,3.8108957230613094
-3.2699288138918585,-0.10867421205626308,0,0,-0.03815026803368664,85,False,3.8150268033686636
-3.3080992692548743,-0.08748448673084622,0,0,-0.03817045536301559,86,False,3.817045536301559
-3.346273967993889,-0.11477598519861253,0,0,-0.038174698739015016,87,False,3.817469873901502
-3.384472289260322,-0.09198819244977713,0,0,-0.03819832126643316,88,False,3.8198321266433157
-3.422732977709989,-0.04581209587849038,0,0,-0.03826068844966666,89,False,3.826068844966666
-3.4610675142319454,-0.15032569154311048,0,0,-0.03833453652195671,90,False,3.833453652195671
-3.4994362010907363,-0.10558928598379656,0,0,-0.03836868685879076,91,False,3.8368686858790757
-3.5377853961518486,-0.025502736715587376,0,0,-0.03834919506111252,92,False,3.8349195061112518
-3.576136391093753,-0.0704301669124414,0,0,-0.038350994941904346,93,False,3.8350994941904344
-3.6145027718747382,-0.08112492983058228,0,0,-0.038366380780985254,94,False,3.836638078098525
-3.652902782998255,-0.04751392185640816,0,0,-0.03840001112351719,95,False,3.840001112351719
-3.691322976607466,-0.012448329922771183,0,0,-0.03842019360921086,96,False,3.842019360921086
-3.7297405502500234,-0.01514501444075843,0,0,-0.03841757364255741,97,False,3.841757364255741
-3.7681594369966294,-0.0035769718095806174,0,0,-0.03841888674660605,98,False,3.8418886746606047
-3.8065682480649383,-0.04465991672932475,0,0,-0.038408811068308804,99,False,3.84088110683088
-3.8449444877867833,-0.019272218918982575,0,0,-0.03837623972184508,100,False,3.8376239721845082
-3.883317034132235,-0.08539447033582506,0,0,-0.03837254634545172,101,False,3.8372546345451726
-3.921664764415475,-0.024852535341757482,0,0,-0.03834773028324007,102,False,3.8347730283240065
-3.959970726213499,-0.07710788562477632,0,0,-0.038305961798023584,103,False,3.8305961798023587
-3.9982619808557587,-0.16248486214108912,0,0,-0.038291254642259985,104,False,3.8291254642259984
-4.036566739931985,-0.027271542998295772,0,0,-0.038304759076226096,105,False,3.8304759076226094
-4.074906606995492,-0.1447075578703232,0,0,-0.03833986706350666,106,False,3.833986706350666
-4.113302372759909,-0.11172014056939804,0,0,-0.03839576576441773,107,False,3.839576576441773
-4.151716478291117,-0.025653278129663927,0,0,-0.03841410553120806,108,False,3.841410553120806
-4.190111251296581,-0.032491268727700195,0,0,-0.03839477300546332,109,False,3.8394773005463314
-4.228497432448538,-0.05530554526571886,0,0,-0.03838618115195784,110,False,3.8386181151957843
-4.26685380290674,-0.04959458313785854,0,0,-0.038356370458201866,111,False,3.8356370458201865
-4.305145731931642,-0.029652181545169506,0,0,-0.03829192902490164,112,False,3.829192902490164
-4.343390235139881,-0.10476116368290518,0,0,-0.038244503208239536,113,False,3.8244503208239538
-4.381611108677992,-0.05062043265890989,0,0,-0.03822087353811152,114,False,3.8220873538111526
-4.419834000071105,-0.0677153788719074,0,0,-0.03822289139311206,115,False,3.8222891393112057
-4.458085984487019,-0.08285909424841124,0,0,-0.038251984415913924,116,False,3.825198441591392
-4.496386204819894,-0.06455862812936472,0,0,-0.03830022033287472,117,False,3.8300220332874715
-4.53472670314289,-0.10968896307435676,0,0,-0.03834049832299571,118,False,3.8340498322995704
-4.5730984842059685,-0.1015544676990815,0,0,-0.038371781063078376,119,False,3.837178106307838
-4.61147035201942,-0.07141072679742311,0,0,-0.03837186781345093,120,False,3.8371867813450926
-4.6498166260793745,-0.07408961866159362,0,0,-0.03834627405995471,121,False,3.834627405995471
-4.688131791206731,-0.02897511296792027,0,0,-0.0383151651273564,122,False,3.8315165127356403
-4.726456459998667,-0.04934008484291462,0,0,-0.03832466879193668,123,False,3.8324668791936682
-4.764797465501954,-0.026388925724339495,0,0,-0.03834100550328691,124,False,3.834100550328691
-4.803146569488974,-0.04607171860133612,0,0,-0.03834910398702004,125,False,3.8349103987020037
-4.84150778688245,-0.03340526037749378,0,0,-0.03836121739347534,126,False,3.836121739347534
-4.879876592720277,-0.035752565199146324,0,0,-0.038368805837826564,127,False,3.8368805837826567
-4.918243596444102,-0.02612078112055203,0,0,-0.03836700372382473,128,False,3.8367003723824733
-4.9566081926056755,-0.010892645239587169,0,0,-0.038364596161573665,129,False,3.8364596161573665
-4.994986097358006,-0.04314858229586948,0,0,-0.038377904752330355,130,False,3.837790475233035
-5.033359879611378,-0.010529238429296256,0,0,-0.03837378225337212,131,False,3.8373782253372117
-5.071733800218711,-0.014764162766653523,0,0,-0.038373920607332794,132,False,3.8373920607332797
-5.110071818999209,-0.04392171392465184,0,0,-0.0383380187804985,133,False,3.8338018780498504
-5.148355132303321,-0.06995464556988912,0,0,-0.03828331330411174,134,False,3.8283313304111743
-5.186618005242021,-0.10823809219192393,0,0,-0.038262872938700565,135,False,3.8262872938700565
-5.224889208780843,-0.04084634422219366,0,0,-0.03827120353882205,136,False,3.8271203538822056
-5.263174935335488,-0.1009173825239883,0,0,-0.038285726554645294,137,False,3.828572655464529
-5.301503112581439,-0.14718199618773842,0,0,-0.03832817724595035,138,False,3.832817724595035
-5.339856967084406,-0.0704330341407957,0,0,-0.03835385450296664,139,False,3.835385450296664
-5.378241490421655,-0.13804311105383557,0,0,-0.038384523337249996,140,False,3.8384523337249994
-5.416640043759215,-0.046259712195365676,0,0,-0.038398553337559455,141,False,3.839855333755945
-5.455046464646481,-0.006837515183102159,0,0,-0.03840642088726584,142,False,3.8406420887265837
-5.493452032214858,-0.007463260034356598,0,0,-0.038405567568377,143,False,3.8405567568377
-5.531854105182706,-0.016403088535324097,0,0,-0.03840207296784858,144,False,3.840207296784858
-5.570247033760284,-0.008459521889523798,0,0,-0.03839292857757709,145,False,3.839292857757709
-5.608650356439755,-0.05618767050155827,0,0,-0.03840332267947153,146,False,3.8403322679471534
-5.647046172094522,-0.0011822543712024368,0,0,-0.03839581565476735,147,False,3.839581565476735
-5.6854244991619804,-0.044422285115472165,0,0,-0.03837832706745856,148,False,3.8378327067458566
-5.723790230584585,-0.06533878208435864,0,0,-0.03836573142260505,149,False,3.836573142260505
-5.762155078859538,-0.032094443657234795,0,0,-0.038364848274952706,150,False,3.836484827495271
-5.800519469261886,-0.010797682632791001,0,0,-0.03836439040234731,151,False,3.8364390402347315
-5.838887334728842,-0.05979536660930527,0,0,-0.038367865466955885,152,False,3.8367865466955884
-5.877267325146967,-0.07111928381538239,0,0,-0.03837999041812555,153,False,3.837999041812555
-5.915650864513789,-0.02073624130824396,0,0,-0.038383539366822345,154,False,3.8383539366822346
-5.954035980489276,-0.08551939720976137,0,0,-0.038385115975486904,155,False,3.8385115975486905
-5.992392849589107,-0.03983687162332407,0,0,-0.03835686909983126,156,False,3.835686909983126
-6.030752800344141,-0.04537404962066792,0,0,-0.03835995075503334,157,False,3.835995075503334
-6.069151868531171,-0.09116662250815191,0,0,-0.03839906818703022,158,False,3.839906818703022
-6.107591413767463,-0.05892214447880513,0,0,-0.03843954523629219,159,False,3.843954523629219
-6.1460021112115,-0.04150037862892374,0,0,-0.03841069744403628,160,False,3.841069744403628
-6.184352010345796,-0.008060875620837656,0,0,-0.03834989913429579,161,False,3.8349899134295793
-6.2226704371762445,-0.0830781889910023,0,0,-0.038318426830448706,162,False,3.8318426830448704
-6.260992436343132,-0.11102388582200748,0,0,-0.03832199916688793,163,False,3.832199916688793
-6.299321258166852,-0.042873225436801686,0,0,-0.03832882182371995,164,False,3.832882182371995
-6.337652313116274,-0.04735083394785214,0,0,-0.03833105494942179,165,False,3.8331054949421786
-6.375999098105959,-0.06542707025066712,0,0,-0.03834678498968557,166,False,3.8346784989685574
-6.41439736675589,-0.08867453018670005,0,0,-0.038398268649930414,167,False,3.839826864993041
-6.452866468574409,-0.07594598216528124,0,0,-0.03846910181851917,168,False,3.846910181851917
-6.4913538465067475,-0.017271138387502865,0,0,-0.03848737793233864,169,False,3.8487377932338642
-6.529835998258047,-0.011737113271603247,0,0,-0.03848215175129943,170,False,3.848215175129943
-6.56832386011347,-0.015685553622833703,0,0,-0.03848786185542269,171,False,3.8487861855422687
-6.60680550350684,-0.008122550170597804,0,0,-0.038481643393370825,172,False,3.8481643393370826
-6.64529087590346,-0.021945390448464174,0,0,-0.0384853723966203,173,False,3.8485372396620305
-6.683778772739802,-0.0254675528572324,0,0,-0.03848789683634231,174,False,3.8487896836342306
-6.72225820969164,-0.014684037585485752,0,0,-0.03847943695183771,175,False,3.8479436951837713
-6.760749216961014,-0.04615336451619656,0,0,-0.038491007269373885,176,False,3.8491007269373885
-6.799242248945649,-0.02517734000398041,0,0,-0.038493031984635,177,False,3.8493031984635
-6.837727142112001,-0.005497437023279741,0,0,-0.03848489316635161,178,False,3.8484893166351615
-6.876214048610603,-0.020362877467768492,0,0,-0.03848690649860094,179,False,3.848690649860094
-6.914692672849516,-0.06464950234488374,0,0,-0.038478624238913246,180,False,3.847862423891325
-6.953146040819454,-0.04303329036065575,0,0,-0.038453367969937785,181,False,3.8453367969937786
-6.991602378520675,-0.023274881927068218,0,0,-0.038456337701221206,182,False,3.8456337701221206
-7.030091819728139,-0.045356384270863206,0,0,-0.03848944120746417,183,False,3.8489441207464172
-7.068585798853373,-0.04589898821967229,0,0,-0.03849397912523402,184,False,3.8493979125234024
-7.107072300149936,-0.018134588533727507,0,0,-0.038486501296561955,185,False,3.8486501296561952
-7.14555522270351,-0.002394773884380735,0,0,-0.03848292255357415,186,False,3.8482922553574146
-7.18404997323576,-0.09001267235972121,0,0,-0.038494750532250224,187,False,3.8494750532250226
-7.222502651737121,-0.02241533551523769,0,0,-0.03845267850136009,188,False,3.845267850136009
-7.260894497192612,-0.06228888155607293,0,0,-0.0383918454554915,189,False,3.8391845455491502
-7.2992548499526855,-0.07857712135058913,0,0,-0.03836035276007326,190,False,3.836035276007326
-7.337617022111509,-0.006296109679131735,0,0,-0.03836217215882299,191,False,3.8362172158822987
-7.376010340531616,-0.03864709984451673,0,0,-0.03839331842010696,192,False,3.839331842010696
-7.414456899444273,-0.11972938707237366,0,0,-0.03844655891265707,193,False,3.8446558912657065
-7.452920967765313,-0.09160164531427316,0,0,-0.03846406832103979,194,False,3.846406832103979
-7.491378924342276,-0.04981799810699763,0,0,-0.038457956576963055,195,False,3.8457956576963053
-7.529838326705863,-0.03355048668633396,0,0,-0.038459402363587754,196,False,3.8459402363587754
-7.568309101276576,-0.03933649533884108,0,0,-0.038470774570712574,197,False,3.8470774570712574
-7.606787635749796,-0.00851324857960738,0,0,-0.038478534473219604,198,False,3.84785344732196
-7.645260124040748,-0.005108653237291059,0,0,-0.038472488290952456,199,False,3.847248829095246
-7.6837396545501475,-0.04037685746661038,0,0,-0.03847953050939965,200,False,3.847953050939965
-0.026514374808245728,-7.447901031714046e-12,0,0,-0.026514374808245728,1,False,2.6514374808245726
-0.05302871517920642,-0.0003763063195717098,0,0,-0.026514340370960694,2,False,2.6514340370960694
-0.07953973637517794,-0.0031637490340865404,0,0,-0.026511021195971533,3,False,2.6511021195971534
-0.10605076514674171,-0.01179017864969439,0,0,-0.026511028771563763,4,False,2.6511028771563763
-0.13256141192933774,-0.006319798235188969,0,0,-0.02651064678259604,5,False,2.651064678259604
-0.1590687536021662,-0.007224256594569825,0,0,-0.02650734167282847,6,False,2.650734167282847
-0.1855828907515416,-0.03504022401906615,0,0,-0.02651413714937539,7,False,2.651413714937539
-0.21209590177278145,-0.02081972374102016,0,0,-0.02651301102123985,8,False,2.651301102123985
-0.23859727239164016,-0.033408379436415836,0,0,-0.0265013706188587,9,False,2.65013706188587
-0.26509067798094804,-0.053164142834031654,0,0,-0.026493405589307895,10,False,2.6493405589307897
-0.2915825248529852,-0.0493225677858362,0,0,-0.026491846872037143,11,False,2.6491846872037144
-0.31808068359045055,-0.03942842347641192,0,0,-0.026498158737465357,12,False,2.649815873746536
-0.34458089787867446,-0.022574428035751264,0,0,-0.0265002142882239,13,False,2.6500214288223902
-0.37108652027114075,-0.03004707786741982,0,0,-0.026505622392466285,14,False,2.6505622392466286
-0.3975827697146948,-0.01493261764462338,0,0,-0.026496249443554047,15,False,2.6496249443554047
-0.4240869608689264,-0.060296819743902295,0,0,-0.026504191154231575,16,False,2.6504191154231576
-0.45060608814620023,-0.031059471849358217,0,0,-0.026519127277273836,17,False,2.6519127277273835
-0.477123988005954,-0.01446095001671585,0,0,-0.02651789985975376,18,False,2.651789985975376
-0.5036341274363803,-0.005443174563546006,0,0,-0.026510139430426252,19,False,2.651013943042625
-0.5301462779230811,-0.009130899560802201,0,0,-0.026512150486700817,20,False,2.651215048670082
-0.5566631512863301,-0.027097548837494503,0,0,-0.026516873363249056,21,False,2.6516873363249056
-0.5831804374371428,-0.016960243476214026,0,0,-0.02651728615081258,22,False,2.651728615081258
-0.6096906721155814,-0.005252797681087872,0,0,-0.02651023467843856,23,False,2.651023467843856
-0.6361942659895946,-0.04195756933532056,0,0,-0.02650359387401326,24,False,2.650359387401326
-0.6626845345910145,-0.020434308210469574,0,0,-0.02649026860141987,25,False,2.649026860141987
-0.6891821817442155,-0.1092684375891009,0,0,-0.02649764715320104,26,False,2.6497647153201043
-0.7156669242036173,-0.039068083835811306,0,0,-0.026484742459401786,27,False,2.6484742459401787
-0.7421608313957003,-0.05229800947625096,0,0,-0.026493907192083027,28,False,2.6493907192083026
-0.7686599201395174,-0.05643082551258416,0,0,-0.026499088743817095,29,False,2.6499088743817096
-0.7951659831872498,-0.044711564259099425,0,0,-0.026506063047732408,30,False,2.6506063047732407
-0.8216831718724282,-0.02070986568916113,0,0,-0.026517188685178394,31,False,2.6517188685178392
-0.8482013601737951,-0.01791479139172662,0,0,-0.02651818830136691,32,False,2.651818830136691
-0.8747142050445899,-0.0013948042021554522,0,0,-0.026512844870794795,33,False,2.6512844870794794
-0.901221259059803,-0.01773901836148183,0,0,-0.026507054015213135,34,False,2.6507054015213134
-0.9277154885873584,-0.022836831707495092,0,0,-0.026494229527555438,35,False,2.6494229527555437
-0.9541966831769104,-0.008550056662465784,0,0,-0.02648119458955196,36,False,2.648119458955196
-0.9806853537922927,-0.042965848973504354,0,0,-0.026488670615382275,37,False,2.6488670615382275
-1.0071934755304393,-0.042289902501828104,0,0,-0.02650812173814649,38,False,2.650812173814649
-1.0336928577787456,-0.021172344685976337,0,0,-0.026499382248306308,39,False,2.6499382248306307
-1.0601914431227204,-0.011298180339925712,0,0,-0.026498585343974743,40,False,2.6498585343974743
-1.0866918911418781,-0.01389440518812511,0,0,-0.02650044801915779,41,False,2.650044801915779
-1.113191040770509,-0.05027202245420238,0,0,-0.026499149628630776,42,False,2.6499149628630776
-1.1396824724154282,-0.0760541695083182,0,0,-0.026491431644919135,43,False,2.6491431644919134
-1.1661541626106195,-0.05943676360532376,0,0,-0.02647169019519126,44,False,2.647169019519126
-1.192621264972061,-0.055094580267640254,0,0,-0.026467102361441435,45,False,2.6467102361441435
-1.21909199203368,-0.04622110471409834,0,0,-0.02647072706161916,46,False,2.647072706161916
-1.2455771148123758,-0.048926441896470725,0,0,-0.026485122778695667,47,False,2.6485122778695667
-1.2720619092766148,-0.03389250609192192,0,0,-0.02648479446423908,48,False,2.648479446423908
-1.298541531955365,-0.07236529198961432,0,0,-0.02647962267875018,49,False,2.647962267875018
-1.3250083887579471,-0.075847636701809,0,0,-0.026466856802582123,50,False,2.646685680258212
-1.351456636142284,-0.03365693770256958,0,0,-0.026448247384336918,51,False,2.644824738433692
-1.377892441216247,-0.02236459895645395,0,0,-0.026435805073962978,52,False,2.643580507396298
-1.4043491287900816,-0.025485861713130265,0,0,-0.026456687573834587,53,False,2.6456687573834587
-1.4308561169238114,-0.07187477550045818,0,0,-0.026506988133729953,54,False,2.6506988133729954
-1.4573738664888543,-0.003960567702189662,0,0,-0.026517749565042815,55,False,2.6517749565042816
-1.4838875363061004,-0.002723156600184968,0,0,-0.02651366981724603,56,False,2.6513669817246033
-1.5104102811178926,-0.01260795431753851,0,0,-0.02652274481179218,57,False,2.652274481179218
-1.5369324184290976,-0.0137145274188375,0,0,-0.026522137311204955,58,False,2.6522137311204954
-1.563450944311951,-0.026865325354396234,0,0,-0.026518525882853628,59,False,2.651852588285363
-1.5899591563414188,-0.013108778783262462,0,0,-0.02650821202946775,60,False,2.650821202946775
-1.6164657301198566,-0.05500248297230946,0,0,-0.026506573778437858,61,False,2.650657377843786
-1.6429736420273773,-0.024881981819267356,0,0,-0.02650791190752066,62,False,2.650791190752066
-1.6694887306086033,-0.014876367683186908,0,0,-0.026515088581226073,63,False,2.6515088581226074
-1.6959996007052007,-0.00728691711027683,0,0,-0.026510870096597517,64,False,2.6510870096597516
-1.722507684753218,-0.016612238391507144,0,0,-0.02650808404801722,65,False,2.650808404801722
-1.7490207490555574,-0.05680156565127821,0,0,-0.026513064302339562,66,False,2.6513064302339564
-1.7755360035691388,-0.032807906287196605,0,0,-0.026515254513581294,67,False,2.6515254513581294
-1.8020297262424447,-0.023152742533885547,0,0,-0.026493722673305947,68,False,2.6493722673305946
-1.8285002177069791,-0.0502601622691205,0,0,-0.026470491464534285,69,False,2.6470491464534285
-1.8549649803106636,-0.01779989643842141,0,0,-0.026464762603684577,70,False,2.6464762603684577
-1.8814365612832442,-0.07169290180925976,0,0,-0.02647158097258051,71,False,2.647158097258051
-1.907944079938459,-0.08773350284849185,0,0,-0.026507518655214724,72,False,2.6507518655214724
-1.9344325308022483,-0.0460195961001252,0,0,-0.026488450863789294,73,False,2.6488450863789295
-1.960901314862948,-0.07072026641921574,0,0,-0.026468784060699534,74,False,2.6468784060699533
-1.987380318303831,-0.01846491010395312,0,0,-0.026479003440882987,75,False,2.6479003440882987
-2.0138995925829253,-0.08880668597410865,0,0,-0.026519274279094503,76,False,2.6519274279094502
-2.040445538792304,-0.04526800366189041,0,0,-0.02654594620937873,77,False,2.654594620937873
-2.06698670226833,-0.022757484892839436,0,0,-0.026541163476026156,78,False,2.6541163476026157
-2.0935283139173437,-0.031583315013244496,0,0,-0.02654161164901373,79,False,2.654161164901373
-2.120069728009591,-0.03192281483840018,0,0,-0.026541414092247213,80,False,2.6541414092247213
-2.146615263388169,-0.06104623431835995,0,0,-0.026545535378578247,81,False,2.654553537857825
-2.1731491705609836,-0.041082395904994476,0,0,-0.026533907172814536,82,False,2.6533907172814537
-2.199682488422508,-0.02665466333988847,0,0,-0.026533317861524176,83,False,2.6533317861524175
-2.2262183796939676,-0.012944428122061917,0,0,-0.02653589127145975,84,False,2.653589127145975
-2.252759138416598,-0.06424807084154782,0,0,-0.026540758722630196,85,False,2.6540758722630198
-2.279305748637442,-0.0723669448094555,0,0,-0.026546610220844216,86,False,2.654661022084422
-2.3058475128721425,-0.06342871575749587,0,0,-0.026541764234700525,87,False,2.6541764234700524
-2.3323715422383327,-0.03994459331843757,0,0,-0.026524029366190142,88,False,2.6524029366190143
-2.3588967586377256,-0.05498384351701206,0,0,-0.026525216399393044,89,False,2.6525216399393043
-2.385424645818679,-0.051833969101389064,0,0,-0.026527887180953516,90,False,2.6527887180953518
-2.411952353605368,-0.06043335144194953,0,0,-0.02652770778668903,91,False,2.652770778668903
-2.438484732223441,-0.003024375634219943,0,0,-0.026532378618073046,92,False,2.6532378618073045
-2.465017445684451,-0.009013212244708848,0,0,-0.02653271346101022,93,False,2.6532713461010218
-2.4915617411774735,-0.040756384537874245,0,0,-0.026544295493022202,94,False,2.65442954930222
-2.5181093094930764,-0.011880031950148731,0,0,-0.026547568315602815,95,False,2.6547568315602814
-2.544651732720261,-0.019393960827376617,0,0,-0.026542423227184544,96,False,2.6542423227184546
-2.5711927159288113,-0.028086910009273044,0,0,-0.02654098320855052,97,False,2.654098320855052
-2.5977208372405056,-0.033099710225641836,0,0,-0.026528121311694443,98,False,2.652812131169444
-2.6242399050735026,-0.060997086492873054,0,0,-0.026519067832997144,99,False,2.6519067832997143
-2.6507748306924364,-0.07659715958678087,0,0,-0.026534925618933888,100,False,2.6534925618933887
-2.6773298029212897,-0.035395899953017514,0,0,-0.026554972228853235,101,False,2.6554972228853235
-2.7038810286725217,-0.006783546730219569,0,0,-0.026551225751232015,102,False,2.6551225751232015
-2.7304237040587216,-0.008530005210356217,0,0,-0.0265426753861998,103,False,2.65426753861998
-2.7569672687608393,-0.008837231644556989,0,0,-0.02654356470211778,104,False,2.654356470211778
-2.7835018306144232,-0.02487315346646272,0,0,-0.026534561853584097,105,False,2.6534561853584098
-2.8100237048397716,-0.02958991448915155,0,0,-0.026521874225348397,106,False,2.6521874225348396
-2.8365324425655043,-0.024018718953947533,0,0,-0.026508737725732655,107,False,2.6508737725732656
-2.863032636836102,-0.07408483894899894,0,0,-0.026500194270597844,108,False,2.6500194270597843
-2.889500309101185,-0.02905671898876268,0,0,-0.026467672265083047,109,False,2.6467672265083046
-2.915944633756664,-0.07521487610675608,0,0,-0.026444324655478885,110,False,2.6444324655478884
-2.9423819996157894,-0.03263599974927281,0,0,-0.02643736585912515,111,False,2.643736585912515
-2.968845822021977,-0.04005587018938512,0,0,-0.026463822406187547,112,False,2.6463822406187547
-2.9953416117966354,-0.08387534086901707,0,0,-0.02649578977465843,113,False,2.649578977465843
-3.0218332446708995,-0.06875436515876676,0,0,-0.02649163287426404,114,False,2.649163287426404
-3.0483390225662435,-0.07293883149846297,0,0,-0.02650577789534407,115,False,2.650577789534407
-3.0748411387724484,-0.06753218644769791,0,0,-0.026502116206204716,116,False,2.6502116206204716
-3.1013344762518282,-0.05961330172067162,0,0,-0.026493337479379854,117,False,2.6493337479379853
-3.1278268001965754,-0.07049771115961975,0,0,-0.026492323944747414,118,False,2.6492323944747413
-3.154334079299842,-0.07630238429566034,0,0,-0.026507279103266848,119,False,2.650727910326685
-3.180879164939862,-0.10306323586571778,0,0,-0.026545085640019662,120,False,2.6545085640019663
-3.207433836709473,-0.040674225299326995,0,0,-0.026554671769610873,121,False,2.6554671769610874
-3.2339922010619904,-0.004714134401878236,0,0,-0.0265583643525176,122,False,2.65583643525176
-3.260557408302639,-0.023920266812781817,0,0,-0.026565207240648814,123,False,2.6565207240648814
-3.2871185759255335,-0.0020256485388392784,0,0,-0.02656116762289426,124,False,2.656116762289426
-3.313673167245488,-0.01574699124710477,0,0,-0.02655459131995483,125,False,2.655459131995483
-3.3402263162335672,-0.033375518208624715,0,0,-0.02655314898807907,126,False,2.655314898807907
-3.3667777116822184,-0.02183784178851097,0,0,-0.026551395448651337,127,False,2.6551395448651336
-3.3933324859132994,-0.012004634528303833,0,0,-0.02655477423108097,128,False,2.655477423108097
-3.4198877055322416,-0.011994237163951793,0,0,-0.02655521961894215,129,False,2.6555219618942147
-3.446442534966415,-0.015149639507067767,0,0,-0.02655482943417342,130,False,2.655482943417342
-3.472985331804586,-0.019912959470116773,0,0,-0.026542796838171245,131,False,2.6542796838171245
-3.4995271023706453,-0.015128953580264913,0,0,-0.02654177056605949,132,False,2.654177056605949
-3.52607144163448,-0.02083358630553345,0,0,-0.026544339263834548,133,False,2.654433926383455
-3.552607665294486,-0.03576498592016593,0,0,-0.0265362236600059,134,False,2.6536223660005898
-3.579132794652233,-0.01579842689086738,0,0,-0.026525129357747076,135,False,2.6525129357747077
-3.6056567687394523,-0.05008679891797043,0,0,-0.026523974087219567,136,False,2.652397408721957
-3.6321916111398944,-0.03640799878052924,0,0,-0.02653484240044226,137,False,2.653484240044226
-3.658742865928361,-0.0682911998575474,0,0,-0.026551254788466604,138,False,2.6551254788466605
-3.685276909913927,-0.04439132125686769,0,0,-0.02653404398556567,139,False,2.653404398556567
-3.711801556827341,-0.04962009207656995,0,0,-0.026524646913413986,140,False,2.6524646913413985
-3.7383187478110127,-0.027901654387036116,0,0,-0.026517190983671703,141,False,2.6517190983671703
-3.7648123916467005,-0.027042088866429396,0,0,-0.026493643835687548,142,False,2.649364383568755
-3.7912822845962912,-0.08398524624075976,0,0,-0.02646989294959093,143,False,2.6469892949590927
-3.817763434824284,-0.07598337880925743,0,0,-0.026481150227992578,144,False,2.648115022799258
-3.8442837924800357,-0.07707010937959204,0,0,-0.026520357655751826,145,False,2.6520357655751825
-3.8708672051280764,-0.09358969174137238,0,0,-0.026583412648040653,146,False,2.6583412648040654
-3.897456653897944,-0.013354029732182717,0,0,-0.026589448769867505,147,False,2.6589448769867503
-3.924043543931112,-0.02221121526057941,0,0,-0.026586890033167908,148,False,2.6586890033167907
-3.9506009968443765,-0.05332370455952601,0,0,-0.026557452913264522,149,False,2.6557452913264523
-3.9771149711420586,-0.09384292365005742,0,0,-0.026513974297682253,150,False,2.6513974297682252
-4.003581445840136,-0.04265096204589517,0,0,-0.02646647469807712,151,False,2.646647469807712
-4.030022302585962,-0.10681550496477987,0,0,-0.02644085674582598,152,False,2.644085674582598
-4.05645836729241,-0.014743907910622456,0,0,-0.026436064706447337,153,False,2.6436064706447335
-4.082913940477488,-0.041439083840734296,0,0,-0.02645557318507826,154,False,2.645557318507826
-4.1093864419693515,-0.057341508252694386,0,0,-0.02647250149186322,155,False,2.647250149186322
-4.135848550706298,-0.011845029244276394,0,0,-0.026462108736946433,156,False,2.6462108736946433
-4.162316377167597,-0.02096835541294864,0,0,-0.026467826461299637,157,False,2.6467826461299637
-4.188790968465815,-0.01540218471458251,0,0,-0.026474591298217883,158,False,2.6474591298217884
-4.215262637894753,-0.006922834733067091,0,0,-0.026471669428937673,159,False,2.6471669428937674
-4.241725736475211,-0.016085913683568483,0,0,-0.026463098580458286,160,False,2.6463098580458286
-4.268170988576598,-0.04030896817917033,0,0,-0.026445252101386724,161,False,2.6445252101386725
-4.2946011692105275,-0.05054390535293996,0,0,-0.026430180633929736,162,False,2.6430180633929736
-4.321041267611992,-0.033328137903207336,0,0,-0.026440098401465075,163,False,2.6440098401465075
-4.347515328604518,-0.07593107617413983,0,0,-0.026474060992525805,164,False,2.6474060992525805
-4.374008366138173,-0.06363131870993555,0,0,-0.02649303753365457,165,False,2.649303753365457
-4.4004846666203346,-0.01976716662170624,0,0,-0.026476300482161878,166,False,2.647630048216188
-4.426912019131542,-0.021571520172612327,0,0,-0.026427352511208077,167,False,2.6427352511208078
-4.453287711924895,-0.06602016914301984,0,0,-0.02637569279335267,168,False,2.637569279335267
-4.479645919071238,-0.023408069168710844,0,0,-0.026358207146343408,169,False,2.635820714634341
-4.506025219713279,-0.030459411379059623,0,0,-0.026379300642040925,170,False,2.6379300642040926
-4.5324505149228385,-0.08579149358087453,0,0,-0.026425295209559586,171,False,2.6425295209559585
-4.55891697898928,-0.116429504213404,0,0,-0.026466464066441008,172,False,2.6466464066441007
-4.58534774812531,-0.05808053767458955,0,0,-0.02643076913602995,173,False,2.6430769136029952
-4.61175665353636,-0.04059473848054579,0,0,-0.026408905411049878,174,False,2.6408905411049877
-4.638150290034244,-0.010208146105917514,0,0,-0.026393636497884537,175,False,2.6393636497884536
-4.664552130151605,-0.029036965393138155,0,0,-0.02640184011736013,176,False,2.640184011736013
-4.690984348993873,-0.052958998442790874,0,0,-0.02643221884226868,177,False,2.6432218842268678
-4.717437094132378,-0.014982938433762529,0,0,-0.026452745138504184,178,False,2.6452745138504183
-4.7438885189155275,-0.027109495287188243,0,0,-0.026451424783150133,179,False,2.6451424783150133
-4.770334793512781,-0.005255231591078193,0,0,-0.02644627459725348,180,False,2.6446274597253483
-4.796782175152342,-0.03473964764655294,0,0,-0.026447381639561302,181,False,2.6447381639561303
-4.82322417424436,-0.011398708939617565,0,0,-0.026441999092018293,182,False,2.6441999092018293
-4.849670711760639,-0.032353112255289945,0,0,-0.026446537516278366,183,False,2.644653751627837
-4.876114654559491,-0.04021852750313471,0,0,-0.026443942798852708,184,False,2.6443942798852706
-4.902536531714374,-0.03785359557542595,0,0,-0.02642187715488336,185,False,2.642187715488336
-4.928936624301309,-0.02155971876713216,0,0,-0.026400092586934095,186,False,2.6400092586934094
-4.955340623489456,-0.03320593700761005,0,0,-0.026403999188147096,187,False,2.6403999188147096
-4.981736251103859,-0.05890052781560205,0,0,-0.026395627614402707,188,False,2.6395627614402706
-5.008108106832411,-0.041970840980586344,0,0,-0.026371855728552475,189,False,2.6371855728552474
-5.0344856899137795,-0.0652867087550387,0,0,-0.026377583081368082,190,False,2.6377583081368083
-5.0608821716092525,-0.03971541503111354,0,0,-0.026396481695472585,191,False,2.6396481695472587
-5.087306368800147,-0.06650744720892582,0,0,-0.026424197190894408,192,False,2.6424197190894407
-5.113739575033046,-0.0033901538822177007,0,0,-0.0264332062328995,193,False,2.64332062328995
-5.140169466811701,-0.00714392824378508,0,0,-0.026429891778655033,194,False,2.6429891778655032
-5.166592289753284,-0.016575962917588366,0,0,-0.02642282294158319,195,False,2.642282294158319
-5.193017143168709,-0.010560314274629579,0,0,-0.026424853415424745,196,False,2.6424853415424745
-5.219400632728466,-0.016993319326223156,0,0,-0.02638348955975697,197,False,2.638348955975697
-5.245735860619264,-0.0540750809484475,0,0,-0.026335227890797022,198,False,2.633522789079702
-5.272050964124717,-0.008564571548598127,0,0,-0.026315103505453664,199,False,2.6315103505453665
-5.298377873272276,-0.045303705898937806,0,0,-0.026326909147558954,200,False,2.6326909147558952
-0.03875473603150473,-5.555343387223019e-12,0,0,-0.03875473603150473,1,False,3.875473603150473
-0.0775094720629758,-3.125726551701378e-13,0,0,-0.038754736031471074,2,False,3.8754736031471073
-0.11626372832587001,-0.0021244199906484736,0,0,-0.0387542562628942,3,False,3.87542562628942
-0.15501104250415657,-0.029386673857557118,0,0,-0.03874731417828656,4,False,3.874731417828656
-0.19374927715102722,-0.027104387688563877,0,0,-0.038738234646870644,5,False,3.873823464687064
-0.23249487153611,-0.03253384939858075,0,0,-0.0387455943850828,6,False,3.87455943850828
-0.2712431901326304,-0.02307257414105557,0,0,-0.03874831859652035,7,False,3.874831859652035
-0.30999327674584454,-0.016879450569619075,0,0,-0.03875008661321419,8,False,3.875008661321419
-0.3487432998780752,-0.0030163029481400025,0,0,-0.03875002313223064,9,False,3.8750023132230638
-0.3874925606645198,-0.007322977618801065,0,0,-0.03874926078644462,10,False,3.874926078644462
-0.42624087260281607,-0.020129589257164203,0,0,-0.03874831193829625,11,False,3.8748311938296247
-0.4649807992517936,-0.012239348257925622,0,0,-0.0387399266489775,12,False,3.8739926648977496
-0.5037189399574765,-0.018835997421782137,0,0,-0.03873814070568296,13,False,3.8738140705682964
-0.5424652416967879,-0.022951710076070594,0,0,-0.03874630173931135,14,False,3.8746301739311355
-0.5812152482546376,-0.011798495835094997,0,0,-0.03875000655784965,15,False,3.8750006557849654
-0.6199540128491318,-0.039175572333163544,0,0,-0.038738764594494185,16,False,3.873876459449418
-0.6586806914321056,-0.04180122910677779,0,0,-0.038726678582973864,17,False,3.8726678582973864
-0.6974108861849307,-0.009963834655407755,0,0,-0.03873019475282508,18,False,3.8730194752825082
-0.7361522523565551,-0.04742947862889885,0,0,-0.038741366171624415,19,False,3.8741366171624416
-0.7749001167624214,-0.002185001466741756,0,0,-0.03874786440586633,20,False,3.874786440586633
-0.8136445045368528,-0.01902953052339771,0,0,-0.03874438777443135,21,False,3.8744387774431353
-0.8523815925748358,-0.00879201439466819,0,0,-0.03873708803798307,22,False,3.873708803798307
-0.891115853864604,-0.003836970314343279,0,0,-0.038734261289768195,23,False,3.8734261289768193
-0.929861454383316,-0.05978617987297066,0,0,-0.038745600518712,24,False,3.8745600518712
-0.9685908303934703,-0.05443630031633669,0,0,-0.03872937601015423,25,False,3.8729376010154226
-1.0073096069048229,-0.02492785120219972,0,0,-0.03871877651135255,26,False,3.8718776511352546
-1.0460529029103882,-0.0524946504382112,0,0,-0.03874329600556525,27,False,3.8743296005565253
-1.0848009824697316,-0.03751632626236316,0,0,-0.03874807955934329,28,False,3.874807955934329
-1.1235401401266127,-0.044688223884721795,0,0,-0.03873915765688114,29,False,3.873915765688114
-1.1622730083766604,-0.02526430857229719,0,0,-0.03873286825004769,30,False,3.8732868250047687
-1.2010225793912648,-0.05723653032158529,0,0,-0.03874957101460444,31,False,3.874957101460444
-1.239770013085009,-0.015523339635054739,0,0,-0.03874743369374412,32,False,3.874743369374412
-1.2785128683463916,-0.02850146453582449,0,0,-0.0387428552613826,33,False,3.87428552613826
-1.3172570549735052,-0.012553439762930779,0,0,-0.03874418662711375,34,False,3.874418662711375
-1.3560077847307244,-0.05004273883644709,0,0,-0.038750729757219125,35,False,3.8750729757219124
-1.394749775059407,-0.007350607398487034,0,0,-0.03874199032868242,36,False,3.874199032868242
-1.4334899161817178,-0.04884824570327729,0,0,-0.0387401411223109,37,False,3.87401411223109
-1.4722366617009914,-0.02927666656015668,0,0,-0.038746745519273686,38,False,3.8746745519273684
-1.5109935909801038,-0.002815226705451104,0,0,-0.038756929279112284,39,False,3.8756929279112287
-1.5497438879638972,-0.028391233117492146,0,0,-0.03875029698379347,40,False,3.875029698379347
-1.5884793785490636,-0.005757765563123856,0,0,-0.03873549058516639,41,False,3.873549058516639
-1.6272229960520839,-0.04229421192902583,0,0,-0.0387436175030202,42,False,3.87436175030202
-1.6659611809237054,-0.02236415740977918,0,0,-0.03873818487162146,43,False,3.8738184871621457
-1.7046908314289821,-0.0369778731217345,0,0,-0.038729650505276846,44,False,3.8729650505276845
-1.7434135535396549,-0.026134287919393522,0,0,-0.038722722110672764,45,False,3.8722722110672767
-1.7821343997617791,-0.02309798103486843,0,0,-0.03872084622212417,46,False,3.872084622212417
-1.820887833341792,-0.0238753698081194,0,0,-0.03875343358001287,47,False,3.875343358001287
-1.8596396620415174,-0.011290801059852236,0,0,-0.03875182869972559,48,False,3.8751828699725595
-1.8983853058076994,-0.01810259262963934,0,0,-0.03874564376618189,49,False,3.874564376618189
-1.9371196259845753,-0.043158595632263645,0,0,-0.038734320176875975,50,False,3.8734320176875974
-1.9758503712278177,-0.01469953650388943,0,0,-0.03873074524324244,51,False,3.8730745243242435
-2.0145976513520676,-0.07676249303570366,0,0,-0.03874728012424971,52,False,3.874728012424971
-2.053347606394409,-0.04950225132633762,0,0,-0.03874995504234124,53,False,3.874995504234124
-2.0921006028535483,-0.04194049455524598,0,0,-0.03875299645913927,54,False,3.8752996459139273
-2.13085168892578,-0.010423769890716007,0,0,-0.03875108607223144,55,False,3.875108607223144
-2.169607335525207,-0.01612524255828245,0,0,-0.03875564659942701,56,False,3.875564659942701
-2.2083604760513893,-0.011706065159535572,0,0,-0.0387531405261823,57,False,3.8753140526182297
-2.2471177991909554,-0.02338041728757553,0,0,-0.03875732313956598,58,False,3.875732313956598
-2.2858782901305337,-0.0126399740344427,0,0,-0.03876049093957809,59,False,3.876049093957809
-2.324638589996695,-0.010919586506906522,0,0,-0.03876029986616123,60,False,3.8760299866161234
-2.3633971219885685,-0.02028268169083525,0,0,-0.03875853199187361,61,False,3.875853199187361
-2.4021484750766393,-0.018236819287828002,0,0,-0.03875135308807062,62,False,3.8751353088070624
-2.4409048996305795,-0.027856796479378575,0,0,-0.038756424553940405,63,False,3.8756424553940407
-2.4796654898138812,-0.000520268389044126,0,0,-0.038760590183301726,64,False,3.8760590183301726
-2.5184259630913535,-0.005579929177108879,0,0,-0.03876047327747232,65,False,3.8760473277472323
-2.557181724545252,-0.020146641618923752,0,0,-0.03875576145389857,66,False,3.875576145389857
-2.5959256280448675,-0.005941861115706842,0,0,-0.0387439034996153,67,False,3.8743903499615295
-2.634670601574981,-0.03846802462611381,0,0,-0.03874497353011321,68,False,3.874497353011321
-2.673424746155933,-0.03922146440442986,0,0,-0.03875414458095199,69,False,3.8754144580951992
-2.712165165369317,-0.019539405673375563,0,0,-0.03874041921338418,70,False,3.8740419213384176
-2.750901891661923,-0.06303065937295119,0,0,-0.03873672629260559,71,False,3.873672629260559
-2.789629918572482,-0.05572213672766304,0,0,-0.038728026910559536,72,False,3.872802691055954
-2.8283532993917584,-0.03289783474774183,0,0,-0.038723380819276135,73,False,3.872338081927613
-2.867080086341849,-0.02944530017810198,0,0,-0.03872678695009033,74,False,3.872678695009033
-2.905827314352119,-0.053661623087461204,0,0,-0.03874722801026987,75,False,3.874722801026987
-2.944568882222157,-0.02938231867767955,0,0,-0.03874156787003793,76,False,3.8741567870037925
-2.9833122779902412,-0.0005317468744167586,0,0,-0.03874339576808427,77,False,3.8743395768084268
-3.0220567812729646,-0.026716234104504404,0,0,-0.03874450328272328,78,False,3.874450328272328
-3.0607875507727953,-0.02104110420029803,0,0,-0.03873076949983052,79,False,3.873076949983052
-3.0995114529763086,-0.006365360077334902,0,0,-0.0387239022035131,80,False,3.8723902203513103
-3.1382514124833207,-0.043977606703717594,0,0,-0.03873995950701205,81,False,3.8739959507012047
-3.1769912565493597,-0.006239155698366257,0,0,-0.03873984406603873,82,False,3.8739844066038733
-3.2157301821257445,-0.015188770596702783,0,0,-0.0387389255763846,83,False,3.87389255763846
-3.2544609383486893,-0.015963787046222564,0,0,-0.03873075622294488,84,False,3.873075622294488
-3.293189942551685,-0.06597687628499445,0,0,-0.03872900420299565,85,False,3.872900420299565
-3.331914623337027,-0.03867798682913043,0,0,-0.038724680785342164,86,False,3.872468078534216
-3.3706321791179437,-0.061418845151526624,0,0,-0.038717555780916395,87,False,3.8717555780916397
-3.4093549356478556,-0.07479528844371909,0,0,-0.03872275652991208,88,False,3.872275652991208
-3.4480702045839227,-0.01940833388746624,0,0,-0.03871526893606705,89,False,3.871526893606705
-3.4867831214219365,-0.03670571653007733,0,0,-0.038712916838013624,90,False,3.8712916838013625
-3.5255093399402635,-0.07174673123793676,0,0,-0.03872621851832692,91,False,3.8726218518326925
-3.564227176080867,-0.06408645003806729,0,0,-0.03871783614060348,92,False,3.8717836140603477
-3.602932652118615,-0.013683952000541417,0,0,-0.038705476037747884,93,False,3.870547603774788
-3.641635119038353,-0.02113985897276796,0,0,-0.038702466919737784,94,False,3.8702466919737786
-3.6803401189301286,-0.0360712401550638,0,0,-0.038704999891775616,95,False,3.8704999891775613
-3.7190578087994783,-0.012611659034747513,0,0,-0.03871768986934967,96,False,3.8717689869349665
-3.7577691780436644,-0.010945941888505346,0,0,-0.03871136924418618,97,False,3.871136924418618
-3.7964856094592436,-0.028416943409352018,0,0,-0.038716431415579414,98,False,3.8716431415579415
-3.8351944758499266,-0.02098364293206697,0,0,-0.038708866390682946,99,False,3.8708866390682948
-3.8738913583195256,-0.018280204315335075,0,0,-0.03869688246959918,100,False,3.869688246959918
-3.9125889871511426,-0.043798427531114424,0,0,-0.03869762883161717,101,False,3.869762883161717
-3.9513022578245085,-0.012664932927780839,0,0,-0.038713270673365906,102,False,3.8713270673365905
-3.990014609540494,-0.013726240686314947,0,0,-0.03871235171598534,103,False,3.871235171598534
-4.028728136707842,-0.022716654828581862,0,0,-0.03871352716734774,104,False,3.8713527167347737
-4.067431111034185,-0.013378510105643615,0,0,-0.03870297432634389,105,False,3.870297432634389
-4.106136727504404,-0.059529358756808724,0,0,-0.03870561647021847,106,False,3.8705616470218467
-4.144840917691047,-0.008482377034854228,0,0,-0.03870419018664318,107,False,3.870419018664318
-4.183545219046026,-0.014240197230803489,0,0,-0.03870430135497914,108,False,3.870430135497914
-4.2222511916901295,-0.012716499096214154,0,0,-0.038705972644102846,109,False,3.870597264410285
-4.260950938257787,-0.04909412638434654,0,0,-0.038699746567657664,110,False,3.8699746567657662
-4.299653481802631,-0.042285277484145053,0,0,-0.03870254354484363,111,False,3.870254354484363
-4.338362009007511,-0.009673297471155366,0,0,-0.038708527204880355,112,False,3.8708527204880356
-4.377073557115022,-0.01932493064387563,0,0,-0.03871154810751067,113,False,3.8711548107510674
-4.415778092968498,-0.004094651167946256,0,0,-0.03870453585347652,114,False,3.8704535853476516
-4.454483720945691,-0.01347926408885885,0,0,-0.0387056279771932,115,False,3.87056279771932
-4.493186843564491,-0.008500249119493455,0,0,-0.03870312261879935,116,False,3.8703122618799353
-4.5318924284957,-0.013904203902986785,0,0,-0.038705584931209874,117,False,3.8705584931209875
-4.570596401203588,-0.03621378305275374,0,0,-0.03870397270788713,118,False,3.8703972707887124
-4.609291515441929,-0.012198846789181492,0,0,-0.038695114238341,119,False,3.8695114238341
-4.647989495279865,-0.051819612532740984,0,0,-0.03869797983793624,120,False,3.869797983793624
-4.686678229343754,-0.006675869661248313,0,0,-0.038688734063889244,121,False,3.8688734063889245
-4.725379891513291,-0.08756668128745045,0,0,-0.03870166216953638,122,False,3.8701662169536384
-4.764076909479901,-0.013339952815454548,0,0,-0.038697017966610084,123,False,3.8697017966610083
-4.802770750486484,-0.024885477353303924,0,0,-0.03869384100658289,124,False,3.869384100658289
-4.841455962165988,-0.01262615330055582,0,0,-0.0386852116795029,125,False,3.86852116795029
-4.880143978160493,-0.042048824338810104,0,0,-0.03868801599450609,126,False,3.8688015994506086
-4.91884149002202,-0.013650305912281174,0,0,-0.03869751186152615,127,False,3.869751186152615
-4.957534423148807,-0.00462911078681114,0,0,-0.03869293312678731,128,False,3.869293312678731
-4.996225231542755,-0.00816382928461984,0,0,-0.03869080839394699,129,False,3.8690808393946994
-5.034916480126253,-0.02936881894109156,0,0,-0.038691248583498795,130,False,3.8691248583498794
-5.073613417921039,-0.01313110862856264,0,0,-0.03869693779478603,131,False,3.8696937794786033
-5.112309101540843,-0.02259344944282763,0,0,-0.038695683619804265,132,False,3.8695683619804266
-5.151005140810859,-0.02527687550257227,0,0,-0.038696039270015664,133,False,3.8696039270015667
-5.189697575733774,-0.007820921289314484,0,0,-0.038692434922915436,134,False,3.869243492291544
-5.228390847313875,-0.04732886076084563,0,0,-0.03869327158010106,135,False,3.8693271580101056
-5.267080189762563,-0.032316927224544156,0,0,-0.03868934244868814,136,False,3.8689342448688135
-5.305771312402382,-0.018900588981526256,0,0,-0.038691122639819414,137,False,3.869112263981941
-5.34446858593264,-0.046895271181927795,0,0,-0.03869727353025809,138,False,3.869727353025809
-5.383157391361937,-0.041960660836716096,0,0,-0.03868880542929706,139,False,3.8688805429297064
-5.4218477688472095,-0.022952128188982332,0,0,-0.03869037748527201,140,False,3.8690377485272007
-5.460542928904686,-0.06199342345482356,0,0,-0.038695160057475884,141,False,3.869516005747588
-5.499231619085159,-0.05750799821680675,0,0,-0.03868869018047348,142,False,3.868869018047348
-5.537922243029419,-0.034916853704132604,0,0,-0.038690623944259296,143,False,3.8690623944259297
-5.576626382085211,-0.04385148000172015,0,0,-0.03870413905579214,144,False,3.870413905579214
-5.615323551478694,-0.003892277609678131,0,0,-0.038697169393483104,145,False,3.8697169393483106
-5.654022963157289,-0.008707504720658227,0,0,-0.03869941167859559,146,False,3.8699411678595594
-5.692716932126314,-0.013716618173869438,0,0,-0.03869396896902453,147,False,3.869396896902453
-5.731411717549451,-0.06075522267852082,0,0,-0.03869478542313699,148,False,3.8694785423136993
-5.770097649653322,-0.015736401293631814,0,0,-0.038685932103871334,149,False,3.8685932103871337
-5.808790973218603,-0.034292949983247674,0,0,-0.03869332356528027,150,False,3.869332356528027
-5.847481096705796,-0.0024172886579695474,0,0,-0.038690123487194035,151,False,3.8690123487194032
-5.886168480956355,-0.021128323908457453,0,0,-0.038687384250558864,152,False,3.868738425055886
-5.924861341989582,-0.058575315857327545,0,0,-0.038692861033227416,153,False,3.8692861033227413
-5.963559995913063,-0.03348150708818821,0,0,-0.03869865392348051,154,False,3.8698653923480504
-6.002258958887497,-0.00530573037073615,0,0,-0.03869896297443386,155,False,3.869896297443386
-6.040958840719198,-0.0073371970905669525,0,0,-0.03869988183170123,156,False,3.8699881831701224
-6.079655689022984,-0.010529154381393355,0,0,-0.03869684830378585,157,False,3.869684830378585
-6.118353706505197,-0.00659506609351427,0,0,-0.03869801748221322,158,False,3.869801748221322
-6.1570515152024585,-0.007932954693738883,0,0,-0.0386978086972611,159,False,3.8697808697261102
-6.195750131815792,-0.0034162230498733827,0,0,-0.03869861661333405,160,False,3.8698616613334047
-6.234448181096081,-0.003196026518626657,0,0,-0.03869804928028846,161,False,3.8698049280288456
-6.273141211847361,-0.015085741763198247,0,0,-0.038693030751279875,162,False,3.8693030751279873
-6.3118348450059445,-0.0034412611598502096,0,0,-0.03869363315858342,163,False,3.8693633158583425
-6.3505271025218235,-0.0023350021001424365,0,0,-0.03869225751587871,164,False,3.869225751587871
-6.389217806888679,-0.02325886504871286,0,0,-0.038690704366855455,165,False,3.8690704366855453
-6.427913739445266,-0.04133915993747236,0,0,-0.03869593255658712,166,False,3.8695932556587116
-6.466610079347921,-0.005262692221389594,0,0,-0.03869633990265536,167,False,3.8696339902655366
-6.505308597585769,-0.017573496848967987,0,0,-0.038698518237847854,168,False,3.8698518237847854
-6.543999047710975,-0.002747785818189438,0,0,-0.03869045012520651,169,False,3.8690450125206515
-6.582693883714382,-0.019439029121276857,0,0,-0.03869483600340665,170,False,3.8694836003406654
-6.62139039055265,-0.022547348798065595,0,0,-0.03869650683826769,171,False,3.869650683826769
-6.660076136192211,-0.018517593481871885,0,0,-0.03868574563956213,172,False,3.868574563956213
-6.698757086058907,-0.04182230671191685,0,0,-0.038680949866696145,173,False,3.868094986669614
-6.737436338827493,-0.010486270041378762,0,0,-0.03867925276858553,174,False,3.8679252768585535
-6.77611199604631,-0.05761136388416427,0,0,-0.03867565721881644,175,False,3.867565721881644
-6.814785501004374,-0.0175710271851864,0,0,-0.03867350495806378,176,False,3.867350495806378
-6.853473041625847,-0.04545262494075714,0,0,-0.0386875406214737,177,False,3.86875406214737
-6.892160234424225,-0.030350764125907828,0,0,-0.03868719279837864,178,False,3.8687192798378645
-6.930839123503338,-0.008065514202975577,0,0,-0.03867888907911277,179,False,3.867888907911277
-6.969521522924935,-0.07264206023157337,0,0,-0.038682399421596354,180,False,3.8682399421596356
-7.008210229956164,-0.0592714064295428,0,0,-0.03868870703122962,181,False,3.868870703122962
-7.046895240320946,-0.006283585600054776,0,0,-0.038685010364782266,182,False,3.868501036478227
-7.085579068010697,-0.05114110339825088,0,0,-0.03868382768975009,183,False,3.868382768975009
-7.124252712598776,-0.04320326314346857,0,0,-0.03867364458807907,184,False,3.8673644588079075
-7.162920970386619,-0.061528370376768574,0,0,-0.038668257787843274,185,False,3.866825778784327
-7.201587354233714,-0.038893975857084366,0,0,-0.03866638384709572,186,False,3.8666383847095718
-7.240271643098834,-0.0528334782480015,0,0,-0.038684288865118995,187,False,3.8684288865118996
-7.2789551437987505,-0.010359161727972525,0,0,-0.038683500699916704,188,False,3.86835006999167
-7.317638345578759,-0.013451488023974164,0,0,-0.038683201780008065,189,False,3.8683201780008063
-7.356324860436223,-0.019597199225458276,0,0,-0.03868651485746373,190,False,3.8686514857463727
-7.395012284924644,-0.017895249073095604,0,0,-0.03868742448842156,191,False,3.8687424488421556
-7.43368929375318,-0.022388995230806157,0,0,-0.03867700882853603,192,False,3.867700882853603
-7.47235675076371,-0.01786760198600689,0,0,-0.03866745701053014,193,False,3.866745701053014
-7.51101208363654,-0.03480533989899058,0,0,-0.03865533287283016,194,False,3.8655332872830166
-7.549659524094882,-0.06109769002484112,0,0,-0.03864744045834222,195,False,3.8647440458342226
-7.588303020973961,-0.02792041565189658,0,0,-0.03864349687907885,196,False,3.864349687907885
-7.626963785037143,-0.046305560563661786,0,0,-0.03866076406318171,197,False,3.866076406318171
-7.665643183287532,-0.026030853885670308,0,0,-0.03867939825038885,198,False,3.867939825038885
-7.704312841054469,-0.021697312119889737,0,0,-0.03866965776693679,199,False,3.866965776693679
-7.742977164493514,-0.019486214367526077,0,0,-0.038664323439044745,200,False,3.8664323439044743
-0.04389729542220047,-1.3409952050841448e-11,0,0,-0.04389729542220047,1,False,4.3897295422200475
-0.08778918500015558,-0.01721338411541888,0,0,-0.043891889577955104,2,False,4.38918895779551
-0.13166797735604951,-0.04214078091235815,0,0,-0.04387879235589395,3,False,4.387879235589395
-0.17554477813322059,-0.034050058489731916,0,0,-0.043876800777171064,4,False,4.387680077717106
-0.21943110984894082,-0.05628012314868072,0,0,-0.04388633171572022,5,False,4.388633171572022
-0.2633208091645043,-0.012436420570522086,0,0,-0.043889699315563496,6,False,4.38896993155635
-0.30722062937598293,-0.03508023462271996,0,0,-0.04389982021147865,7,False,4.3899820211478655
-0.3510912827407146,-0.016246135380640115,0,0,-0.04387065336473167,8,False,4.387065336473167
-0.3949291460312324,-0.03246016359769156,0,0,-0.04383786329051784,9,False,4.383786329051784
-0.4387670360973168,-0.02261194208896602,0,0,-0.04383789006608438,10,False,4.3837890066084375
-0.4826390231303298,-0.027141578074169344,0,0,-0.043871987033012996,11,False,4.3871987033013
-0.52652149610691,-0.008994126533296079,0,0,-0.043882472976580204,12,False,4.388247297658021
-0.5704074289788639,-0.022311591074036165,0,0,-0.04388593287195386,13,False,4.388593287195386
-0.6142696780944924,-0.034938954920550346,0,0,-0.04386224911562851,14,False,4.386224911562851
-0.658090806288474,-0.05248786186467787,0,0,-0.043821128193981644,15,False,4.382112819398165
-0.7018461692756136,-0.0575008116458067,0,0,-0.04375536298713951,16,False,4.375536298713951
-0.7455049698759966,-0.04349379126401582,0,0,-0.04365880060038299,17,False,4.365880060038299
-0.7890400642282714,-0.06123843014656314,0,0,-0.04353509435227485,18,False,4.353509435227485
-0.8324507253818126,-0.03587449695142965,0,0,-0.04341066115354122,19,False,4.3410661153541215
-0.8757682237614253,-0.04937347790081071,0,0,-0.04331749837961259,20,False,4.331749837961259
-0.9190354659325052,-0.07156941693094644,0,0,-0.0432672421710799,21,False,4.32672421710799
-0.962288508930948,-0.04116370219498512,0,0,-0.0432530429984428,22,False,4.32530429984428
-1.0055610396727472,-0.026683411814318665,0,0,-0.04327253074179928,23,False,4.327253074179928
-1.0488810386533507,-0.039103100166899385,0,0,-0.04331999898060356,24,False,4.3319998980603565
-1.092207689930679,-0.030968131182290744,0,0,-0.043326651277328244,25,False,4.332665127732825
-1.13553381420213,-0.10013984826919944,0,0,-0.043326124271451015,26,False,4.332612427145102
-1.1788900654583334,-0.012955180013492005,0,0,-0.043356251256203446,27,False,4.335625125620345
-1.2222802160748771,-0.053640161554144986,0,0,-0.0433901506165437,28,False,4.33901506165437
-1.2656943982107516,-0.10432256502281194,0,0,-0.04341418213587434,29,False,4.341418213587434
-1.309151539807634,-0.046890624187652656,0,0,-0.04345714159688248,30,False,4.345714159688248
-1.3526844615266747,-0.0754189208940139,0,0,-0.043532921719040454,31,False,4.353292171904045
-1.3963197465705444,-0.09499280846464891,0,0,-0.04363528504386973,32,False,4.363528504386973
-1.4400841424810942,-0.05393747634838712,0,0,-0.04376439591054992,33,False,4.376439591054992
-1.4840040804473282,-0.06852287797613667,0,0,-0.04391993796623411,34,False,4.391993796623411
-1.5281107564569438,-0.12360956518923837,0,0,-0.044106676009615535,35,False,4.4106676009615535
-1.5724394331662623,-0.13031358769946683,0,0,-0.044328676709318546,36,False,4.432867670931855
-1.6167751843125835,-0.07515263692099215,0,0,-0.04433575114632115,37,False,4.433575114632115
-1.6610806629803232,-0.028721729749240626,0,0,-0.0443054786677397,38,False,4.43054786677397
-1.7053780731634869,-0.07669125146607887,0,0,-0.04429741018316367,39,False,4.429741018316367
-1.7496773788891582,-0.11042977941149656,0,0,-0.044299305725671416,40,False,4.429930572567142
-1.7939795132421745,-0.06739025303640235,0,0,-0.044302134353016435,41,False,4.430213435301644
-1.8382850065327587,-0.06404987231386797,0,0,-0.04430549329058422,42,False,4.4305493290584215
-1.8826075393990216,-0.09628210113476211,0,0,-0.044322532866262934,43,False,4.432253286626294
-1.9269491211986167,-0.05461177363865665,0,0,-0.044341581799595076,44,False,4.434158179959508
-1.971288637950443,-0.10639849580583692,0,0,-0.044339516751826444,45,False,4.433951675182644
-2.0156120142865106,-0.08452327067441674,0,0,-0.044323376336067394,46,False,4.432337633606739
-2.0599524512905396,-0.07070556815057587,0,0,-0.044340437004028906,47,False,4.43404370040289
-2.1043158717414454,-0.045709350251147765,0,0,-0.04436342045090594,48,False,4.436342045090594
-2.148706941697198,-0.05825814632645145,0,0,-0.04439106995575234,49,False,4.439106995575234
-2.193093486360571,-0.010201701121921451,0,0,-0.044386544663373245,50,False,4.438654466337325
-2.237472645554633,-0.013545230441831977,0,0,-0.044379159194062,51,False,4.4379159194061994
-2.2818567897714934,-0.026535348132899202,0,0,-0.04438414421686001,52,False,4.438414421686001
